{
	"data": [
		{
			"id": "woocommerce_store_address",
			"label": "Address line 1",
			"description": "The street address for your business location.",
			"type": "text",
			"default": "",
			"tip": "The street address for your business location.",
			"value": "60 29th Street #343",
			"_links": {
				"self": [
					{
						"href": "https://jamosova3.mystagingwebsite.com/wp-json/wc/v2/settings/general/woocommerce_store_address"
					}
				],
				"collection": [
					{
						"href": "https://jamosova3.mystagingwebsite.com/wp-json/wc/v2/settings/general"
					}
				]
			}
		},
		{
			"id": "woocommerce_store_address_2",
			"label": "Address line 2",
			"description": "An additional, optional address line for your business location.",
			"type": "text",
			"default": "",
			"tip": "An additional, optional address line for your business location.",
			"value": "",
			"_links": {
				"self": [
					{
						"href": "https://jamosova3.mystagingwebsite.com/wp-json/wc/v2/settings/general/woocommerce_store_address_2"
					}
				],
				"collection": [
					{
						"href": "https://jamosova3.mystagingwebsite.com/wp-json/wc/v2/settings/general"
					}
				]
			}
		},
		{
			"id": "woocommerce_store_city",
			"label": "City",
			"description": "The city in which your business is located.",
			"type": "text",
			"default": "",
			"tip": "The city in which your business is located.",
			"value": "Auburn",
			"_links": {
				"self": [
					{
						"href": "https://jamosova3.mystagingwebsite.com/wp-json/wc/v2/settings/general/woocommerce_store_city"
					}
				],
				"collection": [
					{
						"href": "https://jamosova3.mystagingwebsite.com/wp-json/wc/v2/settings/general"
					}
				]
			}
		},
		{
			"id": "woocommerce_default_country",
			"label": "Country / State",
			"description": "The country and state or province, if any, in which your business is located.",
			"type": "select",
			"default": "GB",
			"tip": "The country and state or province, if any, in which your business is located.",
			"value": "US:NY",
			"options": {
				"AX": "&#197;land Islands",
				"AF": "Afghanistan",
				"AL": "Albania",
				"DZ": "Algeria",
				"AS": "American Samoa",
				"AD": "Andorra",
				"AO:BGO": "Angola - Bengo",
				"AO:BLU": "Angola - Benguela",
				"AO:BIE": "Angola - Bié",
				"AO:CAB": "Angola - Cabinda",
				"AO:CNN": "Angola - Cunene",
				"AO:HUA": "Angola - Huambo",
				"AO:HUI": "Angola - Huíla",
				"AO:CCU": "Angola - Kuando Kubango",
				"AO:CNO": "Angola - Kwanza-Norte",
				"AO:CUS": "Angola - Kwanza-Sul",
				"AO:LUA": "Angola - Luanda",
				"AO:LNO": "Angola - Lunda-Norte",
				"AO:LSU": "Angola - Lunda-Sul",
				"AO:MAL": "Angola - Malanje",
				"AO:MOX": "Angola - Moxico",
				"AO:NAM": "Angola - Namibe",
				"AO:UIG": "Angola - Uíge",
				"AO:ZAI": "Angola - Zaire",
				"AI": "Anguilla",
				"AQ": "Antarctica",
				"AG": "Antigua and Barbuda",
				"AR:C": "Argentina - Ciudad Aut&oacute;noma de Buenos Aires",
				"AR:B": "Argentina - Buenos Aires",
				"AR:K": "Argentina - Catamarca",
				"AR:H": "Argentina - Chaco",
				"AR:U": "Argentina - Chubut",
				"AR:X": "Argentina - C&oacute;rdoba",
				"AR:W": "Argentina - Corrientes",
				"AR:E": "Argentina - Entre R&iacute;os",
				"AR:P": "Argentina - Formosa",
				"AR:Y": "Argentina - Jujuy",
				"AR:L": "Argentina - La Pampa",
				"AR:F": "Argentina - La Rioja",
				"AR:M": "Argentina - Mendoza",
				"AR:N": "Argentina - Misiones",
				"AR:Q": "Argentina - Neuqu&eacute;n",
				"AR:R": "Argentina - R&iacute;o Negro",
				"AR:A": "Argentina - Salta",
				"AR:J": "Argentina - San Juan",
				"AR:D": "Argentina - San Luis",
				"AR:Z": "Argentina - Santa Cruz",
				"AR:S": "Argentina - Santa Fe",
				"AR:G": "Argentina - Santiago del Estero",
				"AR:V": "Argentina - Tierra del Fuego",
				"AR:T": "Argentina - Tucum&aacute;n",
				"AM": "Armenia",
				"AW": "Aruba",
				"AU:ACT": "Australia - Australian Capital Territory",
				"AU:NSW": "Australia - New South Wales",
				"AU:NT": "Australia - Northern Territory",
				"AU:QLD": "Australia - Queensland",
				"AU:SA": "Australia - South Australia",
				"AU:TAS": "Australia - Tasmania",
				"AU:VIC": "Australia - Victoria",
				"AU:WA": "Australia - Western Australia",
				"AT": "Austria",
				"AZ": "Azerbaijan",
				"BS": "Bahamas",
				"BH": "Bahrain",
				"BD:BD-05": "Bangladesh - Bagerhat",
				"BD:BD-01": "Bangladesh - Bandarban",
				"BD:BD-02": "Bangladesh - Barguna",
				"BD:BD-06": "Bangladesh - Barishal",
				"BD:BD-07": "Bangladesh - Bhola",
				"BD:BD-03": "Bangladesh - Bogura",
				"BD:BD-04": "Bangladesh - Brahmanbaria",
				"BD:BD-09": "Bangladesh - Chandpur",
				"BD:BD-10": "Bangladesh - Chattogram",
				"BD:BD-12": "Bangladesh - Chuadanga",
				"BD:BD-11": "Bangladesh - Cox's Bazar",
				"BD:BD-08": "Bangladesh - Cumilla",
				"BD:BD-13": "Bangladesh - Dhaka",
				"BD:BD-14": "Bangladesh - Dinajpur",
				"BD:BD-15": "Bangladesh - Faridpur ",
				"BD:BD-16": "Bangladesh - Feni",
				"BD:BD-19": "Bangladesh - Gaibandha",
				"BD:BD-18": "Bangladesh - Gazipur",
				"BD:BD-17": "Bangladesh - Gopalganj",
				"BD:BD-20": "Bangladesh - Habiganj",
				"BD:BD-21": "Bangladesh - Jamalpur",
				"BD:BD-22": "Bangladesh - Jashore",
				"BD:BD-25": "Bangladesh - Jhalokati",
				"BD:BD-23": "Bangladesh - Jhenaidah",
				"BD:BD-24": "Bangladesh - Joypurhat",
				"BD:BD-29": "Bangladesh - Khagrachhari",
				"BD:BD-27": "Bangladesh - Khulna",
				"BD:BD-26": "Bangladesh - Kishoreganj",
				"BD:BD-28": "Bangladesh - Kurigram",
				"BD:BD-30": "Bangladesh - Kushtia",
				"BD:BD-31": "Bangladesh - Lakshmipur",
				"BD:BD-32": "Bangladesh - Lalmonirhat",
				"BD:BD-36": "Bangladesh - Madaripur",
				"BD:BD-37": "Bangladesh - Magura",
				"BD:BD-33": "Bangladesh - Manikganj ",
				"BD:BD-39": "Bangladesh - Meherpur",
				"BD:BD-38": "Bangladesh - Moulvibazar",
				"BD:BD-35": "Bangladesh - Munshiganj",
				"BD:BD-34": "Bangladesh - Mymensingh",
				"BD:BD-48": "Bangladesh - Naogaon",
				"BD:BD-43": "Bangladesh - Narail",
				"BD:BD-40": "Bangladesh - Narayanganj",
				"BD:BD-42": "Bangladesh - Narsingdi",
				"BD:BD-44": "Bangladesh - Natore",
				"BD:BD-45": "Bangladesh - Nawabganj",
				"BD:BD-41": "Bangladesh - Netrakona",
				"BD:BD-46": "Bangladesh - Nilphamari",
				"BD:BD-47": "Bangladesh - Noakhali",
				"BD:BD-49": "Bangladesh - Pabna",
				"BD:BD-52": "Bangladesh - Panchagarh",
				"BD:BD-51": "Bangladesh - Patuakhali",
				"BD:BD-50": "Bangladesh - Pirojpur",
				"BD:BD-53": "Bangladesh - Rajbari",
				"BD:BD-54": "Bangladesh - Rajshahi",
				"BD:BD-56": "Bangladesh - Rangamati",
				"BD:BD-55": "Bangladesh - Rangpur",
				"BD:BD-58": "Bangladesh - Satkhira",
				"BD:BD-62": "Bangladesh - Shariatpur",
				"BD:BD-57": "Bangladesh - Sherpur",
				"BD:BD-59": "Bangladesh - Sirajganj",
				"BD:BD-61": "Bangladesh - Sunamganj",
				"BD:BD-60": "Bangladesh - Sylhet",
				"BD:BD-63": "Bangladesh - Tangail",
				"BD:BD-64": "Bangladesh - Thakurgaon",
				"BB": "Barbados",
				"BY": "Belarus",
				"PW": "Belau",
				"BE": "Belgium",
				"BZ": "Belize",
				"BJ": "Benin",
				"BM": "Bermuda",
				"BT": "Bhutan",
				"BO:B": "Bolivia - Chuquisaca",
				"BO:H": "Bolivia - Beni",
				"BO:C": "Bolivia - Cochabamba",
				"BO:L": "Bolivia - La Paz",
				"BO:O": "Bolivia - Oruro",
				"BO:N": "Bolivia - Pando",
				"BO:P": "Bolivia - Potosí",
				"BO:S": "Bolivia - Santa Cruz",
				"BO:T": "Bolivia - Tarija",
				"BQ": "Bonaire, Saint Eustatius and Saba",
				"BA": "Bosnia and Herzegovina",
				"BW": "Botswana",
				"BV": "Bouvet Island",
				"BR:AC": "Brazil - Acre",
				"BR:AL": "Brazil - Alagoas",
				"BR:AP": "Brazil - Amap&aacute;",
				"BR:AM": "Brazil - Amazonas",
				"BR:BA": "Brazil - Bahia",
				"BR:CE": "Brazil - Cear&aacute;",
				"BR:DF": "Brazil - Distrito Federal",
				"BR:ES": "Brazil - Esp&iacute;rito Santo",
				"BR:GO": "Brazil - Goi&aacute;s",
				"BR:MA": "Brazil - Maranh&atilde;o",
				"BR:MT": "Brazil - Mato Grosso",
				"BR:MS": "Brazil - Mato Grosso do Sul",
				"BR:MG": "Brazil - Minas Gerais",
				"BR:PA": "Brazil - Par&aacute;",
				"BR:PB": "Brazil - Para&iacute;ba",
				"BR:PR": "Brazil - Paran&aacute;",
				"BR:PE": "Brazil - Pernambuco",
				"BR:PI": "Brazil - Piau&iacute;",
				"BR:RJ": "Brazil - Rio de Janeiro",
				"BR:RN": "Brazil - Rio Grande do Norte",
				"BR:RS": "Brazil - Rio Grande do Sul",
				"BR:RO": "Brazil - Rond&ocirc;nia",
				"BR:RR": "Brazil - Roraima",
				"BR:SC": "Brazil - Santa Catarina",
				"BR:SP": "Brazil - S&atilde;o Paulo",
				"BR:SE": "Brazil - Sergipe",
				"BR:TO": "Brazil - Tocantins",
				"IO": "British Indian Ocean Territory",
				"VG": "British Virgin Islands",
				"BN": "Brunei",
				"BG:BG-01": "Bulgaria - Blagoevgrad",
				"BG:BG-02": "Bulgaria - Burgas",
				"BG:BG-08": "Bulgaria - Dobrich",
				"BG:BG-07": "Bulgaria - Gabrovo",
				"BG:BG-26": "Bulgaria - Haskovo",
				"BG:BG-09": "Bulgaria - Kardzhali",
				"BG:BG-10": "Bulgaria - Kyustendil",
				"BG:BG-11": "Bulgaria - Lovech",
				"BG:BG-12": "Bulgaria - Montana",
				"BG:BG-13": "Bulgaria - Pazardzhik",
				"BG:BG-14": "Bulgaria - Pernik",
				"BG:BG-15": "Bulgaria - Pleven",
				"BG:BG-16": "Bulgaria - Plovdiv",
				"BG:BG-17": "Bulgaria - Razgrad",
				"BG:BG-18": "Bulgaria - Ruse",
				"BG:BG-27": "Bulgaria - Shumen",
				"BG:BG-19": "Bulgaria - Silistra",
				"BG:BG-20": "Bulgaria - Sliven",
				"BG:BG-21": "Bulgaria - Smolyan",
				"BG:BG-23": "Bulgaria - Sofia",
				"BG:BG-22": "Bulgaria - Sofia-Grad",
				"BG:BG-24": "Bulgaria - Stara Zagora",
				"BG:BG-25": "Bulgaria - Targovishte",
				"BG:BG-03": "Bulgaria - Varna",
				"BG:BG-04": "Bulgaria - Veliko Tarnovo",
				"BG:BG-05": "Bulgaria - Vidin",
				"BG:BG-06": "Bulgaria - Vratsa",
				"BG:BG-28": "Bulgaria - Yambol",
				"BF": "Burkina Faso",
				"BI": "Burundi",
				"KH": "Cambodia",
				"CM": "Cameroon",
				"CA:AB": "Canada - Alberta",
				"CA:BC": "Canada - British Columbia",
				"CA:MB": "Canada - Manitoba",
				"CA:NB": "Canada - New Brunswick",
				"CA:NL": "Canada - Newfoundland and Labrador",
				"CA:NT": "Canada - Northwest Territories",
				"CA:NS": "Canada - Nova Scotia",
				"CA:NU": "Canada - Nunavut",
				"CA:ON": "Canada - Ontario",
				"CA:PE": "Canada - Prince Edward Island",
				"CA:QC": "Canada - Quebec",
				"CA:SK": "Canada - Saskatchewan",
				"CA:YT": "Canada - Yukon Territory",
				"CV": "Cape Verde",
				"KY": "Cayman Islands",
				"CF": "Central African Republic",
				"TD": "Chad",
				"CL": "Chile",
				"CN:CN1": "China - Yunnan / &#20113;&#21335;",
				"CN:CN2": "China - Beijing / &#21271;&#20140;",
				"CN:CN3": "China - Tianjin / &#22825;&#27941;",
				"CN:CN4": "China - Hebei / &#27827;&#21271;",
				"CN:CN5": "China - Shanxi / &#23665;&#35199;",
				"CN:CN6": "China - Inner Mongolia / &#20839;&#33945;&#21476;",
				"CN:CN7": "China - Liaoning / &#36797;&#23425;",
				"CN:CN8": "China - Jilin / &#21513;&#26519;",
				"CN:CN9": "China - Heilongjiang / &#40657;&#40857;&#27743;",
				"CN:CN10": "China - Shanghai / &#19978;&#28023;",
				"CN:CN11": "China - Jiangsu / &#27743;&#33487;",
				"CN:CN12": "China - Zhejiang / &#27993;&#27743;",
				"CN:CN13": "China - Anhui / &#23433;&#24509;",
				"CN:CN14": "China - Fujian / &#31119;&#24314;",
				"CN:CN15": "China - Jiangxi / &#27743;&#35199;",
				"CN:CN16": "China - Shandong / &#23665;&#19996;",
				"CN:CN17": "China - Henan / &#27827;&#21335;",
				"CN:CN18": "China - Hubei / &#28246;&#21271;",
				"CN:CN19": "China - Hunan / &#28246;&#21335;",
				"CN:CN20": "China - Guangdong / &#24191;&#19996;",
				"CN:CN21": "China - Guangxi Zhuang / &#24191;&#35199;&#22766;&#26063;",
				"CN:CN22": "China - Hainan / &#28023;&#21335;",
				"CN:CN23": "China - Chongqing / &#37325;&#24198;",
				"CN:CN24": "China - Sichuan / &#22235;&#24029;",
				"CN:CN25": "China - Guizhou / &#36149;&#24030;",
				"CN:CN26": "China - Shaanxi / &#38485;&#35199;",
				"CN:CN27": "China - Gansu / &#29976;&#32899;",
				"CN:CN28": "China - Qinghai / &#38738;&#28023;",
				"CN:CN29": "China - Ningxia Hui / &#23425;&#22799;",
				"CN:CN30": "China - Macau / &#28595;&#38376;",
				"CN:CN31": "China - Tibet / &#35199;&#34255;",
				"CN:CN32": "China - Xinjiang / &#26032;&#30086;",
				"CX": "Christmas Island",
				"CC": "Cocos (Keeling) Islands",
				"CO": "Colombia",
				"KM": "Comoros",
				"CG": "Congo (Brazzaville)",
				"CD": "Congo (Kinshasa)",
				"CK": "Cook Islands",
				"CR": "Costa Rica",
				"HR": "Croatia",
				"CU": "Cuba",
				"CW": "Cura&ccedil;ao",
				"CY": "Cyprus",
				"CZ": "Czech Republic",
				"DK": "Denmark",
				"DJ": "Djibouti",
				"DM": "Dominica",
				"DO": "Dominican Republic",
				"EC": "Ecuador",
				"EG": "Egypt",
				"SV": "El Salvador",
				"GQ": "Equatorial Guinea",
				"ER": "Eritrea",
				"EE": "Estonia",
				"ET": "Ethiopia",
				"FK": "Falkland Islands",
				"FO": "Faroe Islands",
				"FJ": "Fiji",
				"FI": "Finland",
				"FR": "France",
				"GF": "French Guiana",
				"PF": "French Polynesia",
				"TF": "French Southern Territories",
				"GA": "Gabon",
				"GM": "Gambia",
				"GE": "Georgia",
				"DE": "Germany",
				"GH": "Ghana",
				"GI": "Gibraltar",
				"GR:I": "Greece - Αττική",
				"GR:A": "Greece - Ανατολική Μακεδονία και Θράκη",
				"GR:B": "Greece - Κεντρική Μακεδονία",
				"GR:C": "Greece - Δυτική Μακεδονία",
				"GR:D": "Greece - Ήπειρος",
				"GR:E": "Greece - Θεσσαλία",
				"GR:F": "Greece - Ιόνιοι Νήσοι",
				"GR:G": "Greece - Δυτική Ελλάδα",
				"GR:H": "Greece - Στερεά Ελλάδα",
				"GR:J": "Greece - Πελοπόννησος",
				"GR:K": "Greece - Βόρειο Αιγαίο",
				"GR:L": "Greece - Νότιο Αιγαίο",
				"GR:M": "Greece - Κρήτη",
				"GL": "Greenland",
				"GD": "Grenada",
				"GP": "Guadeloupe",
				"GU": "Guam",
				"GT": "Guatemala",
				"GG": "Guernsey",
				"GN": "Guinea",
				"GW": "Guinea-Bissau",
				"GY": "Guyana",
				"HT": "Haiti",
				"HM": "Heard Island and McDonald Islands",
				"HN": "Honduras",
				"HK:HONG KONG": "Hong Kong - Hong Kong Island",
				"HK:KOWLOON": "Hong Kong - Kowloon",
				"HK:NEW TERRITORIES": "Hong Kong - New Territories",
				"HU:BK": "Hungary - Bács-Kiskun",
				"HU:BE": "Hungary - Békés",
				"HU:BA": "Hungary - Baranya",
				"HU:BZ": "Hungary - Borsod-Abaúj-Zemplén",
				"HU:BU": "Hungary - Budapest",
				"HU:CS": "Hungary - Csongrád",
				"HU:FE": "Hungary - Fejér",
				"HU:GS": "Hungary - Győr-Moson-Sopron",
				"HU:HB": "Hungary - Hajdú-Bihar",
				"HU:HE": "Hungary - Heves",
				"HU:JN": "Hungary - Jász-Nagykun-Szolnok",
				"HU:KE": "Hungary - Komárom-Esztergom",
				"HU:NO": "Hungary - Nógrád",
				"HU:PE": "Hungary - Pest",
				"HU:SO": "Hungary - Somogy",
				"HU:SZ": "Hungary - Szabolcs-Szatmár-Bereg",
				"HU:TO": "Hungary - Tolna",
				"HU:VA": "Hungary - Vas",
				"HU:VE": "Hungary - Veszprém",
				"HU:ZA": "Hungary - Zala",
				"IS": "Iceland",
				"IN:AP": "India - Andhra Pradesh",
				"IN:AR": "India - Arunachal Pradesh",
				"IN:AS": "India - Assam",
				"IN:BR": "India - Bihar",
				"IN:CT": "India - Chhattisgarh",
				"IN:GA": "India - Goa",
				"IN:GJ": "India - Gujarat",
				"IN:HR": "India - Haryana",
				"IN:HP": "India - Himachal Pradesh",
				"IN:JK": "India - Jammu and Kashmir",
				"IN:JH": "India - Jharkhand",
				"IN:KA": "India - Karnataka",
				"IN:KL": "India - Kerala",
				"IN:MP": "India - Madhya Pradesh",
				"IN:MH": "India - Maharashtra",
				"IN:MN": "India - Manipur",
				"IN:ML": "India - Meghalaya",
				"IN:MZ": "India - Mizoram",
				"IN:NL": "India - Nagaland",
				"IN:OR": "India - Orissa",
				"IN:PB": "India - Punjab",
				"IN:RJ": "India - Rajasthan",
				"IN:SK": "India - Sikkim",
				"IN:TN": "India - Tamil Nadu",
				"IN:TS": "India - Telangana",
				"IN:TR": "India - Tripura",
				"IN:UK": "India - Uttarakhand",
				"IN:UP": "India - Uttar Pradesh",
				"IN:WB": "India - West Bengal",
				"IN:AN": "India - Andaman and Nicobar Islands",
				"IN:CH": "India - Chandigarh",
				"IN:DN": "India - Dadra and Nagar Haveli",
				"IN:DD": "India - Daman and Diu",
				"IN:DL": "India - Delhi",
				"IN:LD": "India - Lakshadeep",
				"IN:PY": "India - Pondicherry (Puducherry)",
				"ID:AC": "Indonesia - Daerah Istimewa Aceh",
				"ID:SU": "Indonesia - Sumatera Utara",
				"ID:SB": "Indonesia - Sumatera Barat",
				"ID:RI": "Indonesia - Riau",
				"ID:KR": "Indonesia - Kepulauan Riau",
				"ID:JA": "Indonesia - Jambi",
				"ID:SS": "Indonesia - Sumatera Selatan",
				"ID:BB": "Indonesia - Bangka Belitung",
				"ID:BE": "Indonesia - Bengkulu",
				"ID:LA": "Indonesia - Lampung",
				"ID:JK": "Indonesia - DKI Jakarta",
				"ID:JB": "Indonesia - Jawa Barat",
				"ID:BT": "Indonesia - Banten",
				"ID:JT": "Indonesia - Jawa Tengah",
				"ID:JI": "Indonesia - Jawa Timur",
				"ID:YO": "Indonesia - Daerah Istimewa Yogyakarta",
				"ID:BA": "Indonesia - Bali",
				"ID:NB": "Indonesia - Nusa Tenggara Barat",
				"ID:NT": "Indonesia - Nusa Tenggara Timur",
				"ID:KB": "Indonesia - Kalimantan Barat",
				"ID:KT": "Indonesia - Kalimantan Tengah",
				"ID:KI": "Indonesia - Kalimantan Timur",
				"ID:KS": "Indonesia - Kalimantan Selatan",
				"ID:KU": "Indonesia - Kalimantan Utara",
				"ID:SA": "Indonesia - Sulawesi Utara",
				"ID:ST": "Indonesia - Sulawesi Tengah",
				"ID:SG": "Indonesia - Sulawesi Tenggara",
				"ID:SR": "Indonesia - Sulawesi Barat",
				"ID:SN": "Indonesia - Sulawesi Selatan",
				"ID:GO": "Indonesia - Gorontalo",
				"ID:MA": "Indonesia - Maluku",
				"ID:MU": "Indonesia - Maluku Utara",
				"ID:PA": "Indonesia - Papua",
				"ID:PB": "Indonesia - Papua Barat",
				"IR:KHZ": "Iran - Khuzestan  (خوزستان)",
				"IR:THR": "Iran - Tehran  (تهران)",
				"IR:ILM": "Iran - Ilaam (ایلام)",
				"IR:BHR": "Iran - Bushehr (بوشهر)",
				"IR:ADL": "Iran - Ardabil (اردبیل)",
				"IR:ESF": "Iran - Isfahan (اصفهان)",
				"IR:YZD": "Iran - Yazd (یزد)",
				"IR:KRH": "Iran - Kermanshah (کرمانشاه)",
				"IR:KRN": "Iran - Kerman (کرمان)",
				"IR:HDN": "Iran - Hamadan (همدان)",
				"IR:GZN": "Iran - Ghazvin (قزوین)",
				"IR:ZJN": "Iran - Zanjan (زنجان)",
				"IR:LRS": "Iran - Luristan (لرستان)",
				"IR:ABZ": "Iran - Alborz (البرز)",
				"IR:EAZ": "Iran - East Azarbaijan (آذربایجان شرقی)",
				"IR:WAZ": "Iran - West Azarbaijan (آذربایجان غربی)",
				"IR:CHB": "Iran - Chaharmahal and Bakhtiari (چهارمحال و بختیاری)",
				"IR:SKH": "Iran - South Khorasan (خراسان جنوبی)",
				"IR:RKH": "Iran - Razavi Khorasan (خراسان رضوی)",
				"IR:NKH": "Iran - North Khorasan (خراسان شمالی)",
				"IR:SMN": "Iran - Semnan (سمنان)",
				"IR:FRS": "Iran - Fars (فارس)",
				"IR:QHM": "Iran - Qom (قم)",
				"IR:KRD": "Iran - Kurdistan / کردستان)",
				"IR:KBD": "Iran - Kohgiluyeh and BoyerAhmad (کهگیلوییه و بویراحمد)",
				"IR:GLS": "Iran - Golestan (گلستان)",
				"IR:GIL": "Iran - Gilan (گیلان)",
				"IR:MZN": "Iran - Mazandaran (مازندران)",
				"IR:MKZ": "Iran - Markazi (مرکزی)",
				"IR:HRZ": "Iran - Hormozgan (هرمزگان)",
				"IR:SBN": "Iran - Sistan and Baluchestan (سیستان و بلوچستان)",
				"IQ": "Iraq",
				"IE:CW": "Ireland - Carlow",
				"IE:CN": "Ireland - Cavan",
				"IE:CE": "Ireland - Clare",
				"IE:CO": "Ireland - Cork",
				"IE:DL": "Ireland - Donegal",
				"IE:D": "Ireland - Dublin",
				"IE:G": "Ireland - Galway",
				"IE:KY": "Ireland - Kerry",
				"IE:KE": "Ireland - Kildare",
				"IE:KK": "Ireland - Kilkenny",
				"IE:LS": "Ireland - Laois",
				"IE:LM": "Ireland - Leitrim",
				"IE:LK": "Ireland - Limerick",
				"IE:LD": "Ireland - Longford",
				"IE:LH": "Ireland - Louth",
				"IE:MO": "Ireland - Mayo",
				"IE:MH": "Ireland - Meath",
				"IE:MN": "Ireland - Monaghan",
				"IE:OY": "Ireland - Offaly",
				"IE:RN": "Ireland - Roscommon",
				"IE:SO": "Ireland - Sligo",
				"IE:TA": "Ireland - Tipperary",
				"IE:WD": "Ireland - Waterford",
				"IE:WH": "Ireland - Westmeath",
				"IE:WX": "Ireland - Wexford",
				"IE:WW": "Ireland - Wicklow",
				"IM": "Isle of Man",
				"IL": "Israel",
				"IT:AG": "Italy - Agrigento",
				"IT:AL": "Italy - Alessandria",
				"IT:AN": "Italy - Ancona",
				"IT:AO": "Italy - Aosta",
				"IT:AR": "Italy - Arezzo",
				"IT:AP": "Italy - Ascoli Piceno",
				"IT:AT": "Italy - Asti",
				"IT:AV": "Italy - Avellino",
				"IT:BA": "Italy - Bari",
				"IT:BT": "Italy - Barletta-Andria-Trani",
				"IT:BL": "Italy - Belluno",
				"IT:BN": "Italy - Benevento",
				"IT:BG": "Italy - Bergamo",
				"IT:BI": "Italy - Biella",
				"IT:BO": "Italy - Bologna",
				"IT:BZ": "Italy - Bolzano",
				"IT:BS": "Italy - Brescia",
				"IT:BR": "Italy - Brindisi",
				"IT:CA": "Italy - Cagliari",
				"IT:CL": "Italy - Caltanissetta",
				"IT:CB": "Italy - Campobasso",
				"IT:CI": "Italy - Carbonia-Iglesias",
				"IT:CE": "Italy - Caserta",
				"IT:CT": "Italy - Catania",
				"IT:CZ": "Italy - Catanzaro",
				"IT:CH": "Italy - Chieti",
				"IT:CO": "Italy - Como",
				"IT:CS": "Italy - Cosenza",
				"IT:CR": "Italy - Cremona",
				"IT:KR": "Italy - Crotone",
				"IT:CN": "Italy - Cuneo",
				"IT:EN": "Italy - Enna",
				"IT:FM": "Italy - Fermo",
				"IT:FE": "Italy - Ferrara",
				"IT:FI": "Italy - Firenze",
				"IT:FG": "Italy - Foggia",
				"IT:FC": "Italy - Forlì-Cesena",
				"IT:FR": "Italy - Frosinone",
				"IT:GE": "Italy - Genova",
				"IT:GO": "Italy - Gorizia",
				"IT:GR": "Italy - Grosseto",
				"IT:IM": "Italy - Imperia",
				"IT:IS": "Italy - Isernia",
				"IT:SP": "Italy - La Spezia",
				"IT:AQ": "Italy - L'Aquila",
				"IT:LT": "Italy - Latina",
				"IT:LE": "Italy - Lecce",
				"IT:LC": "Italy - Lecco",
				"IT:LI": "Italy - Livorno",
				"IT:LO": "Italy - Lodi",
				"IT:LU": "Italy - Lucca",
				"IT:MC": "Italy - Macerata",
				"IT:MN": "Italy - Mantova",
				"IT:MS": "Italy - Massa-Carrara",
				"IT:MT": "Italy - Matera",
				"IT:ME": "Italy - Messina",
				"IT:MI": "Italy - Milano",
				"IT:MO": "Italy - Modena",
				"IT:MB": "Italy - Monza e della Brianza",
				"IT:NA": "Italy - Napoli",
				"IT:NO": "Italy - Novara",
				"IT:NU": "Italy - Nuoro",
				"IT:OT": "Italy - Olbia-Tempio",
				"IT:OR": "Italy - Oristano",
				"IT:PD": "Italy - Padova",
				"IT:PA": "Italy - Palermo",
				"IT:PR": "Italy - Parma",
				"IT:PV": "Italy - Pavia",
				"IT:PG": "Italy - Perugia",
				"IT:PU": "Italy - Pesaro e Urbino",
				"IT:PE": "Italy - Pescara",
				"IT:PC": "Italy - Piacenza",
				"IT:PI": "Italy - Pisa",
				"IT:PT": "Italy - Pistoia",
				"IT:PN": "Italy - Pordenone",
				"IT:PZ": "Italy - Potenza",
				"IT:PO": "Italy - Prato",
				"IT:RG": "Italy - Ragusa",
				"IT:RA": "Italy - Ravenna",
				"IT:RC": "Italy - Reggio Calabria",
				"IT:RE": "Italy - Reggio Emilia",
				"IT:RI": "Italy - Rieti",
				"IT:RN": "Italy - Rimini",
				"IT:RM": "Italy - Roma",
				"IT:RO": "Italy - Rovigo",
				"IT:SA": "Italy - Salerno",
				"IT:VS": "Italy - Medio Campidano",
				"IT:SS": "Italy - Sassari",
				"IT:SV": "Italy - Savona",
				"IT:SI": "Italy - Siena",
				"IT:SR": "Italy - Siracusa",
				"IT:SO": "Italy - Sondrio",
				"IT:TA": "Italy - Taranto",
				"IT:TE": "Italy - Teramo",
				"IT:TR": "Italy - Terni",
				"IT:TO": "Italy - Torino",
				"IT:OG": "Italy - Ogliastra",
				"IT:TP": "Italy - Trapani",
				"IT:TN": "Italy - Trento",
				"IT:TV": "Italy - Treviso",
				"IT:TS": "Italy - Trieste",
				"IT:UD": "Italy - Udine",
				"IT:VA": "Italy - Varese",
				"IT:VE": "Italy - Venezia",
				"IT:VB": "Italy - Verbano-Cusio-Ossola",
				"IT:VC": "Italy - Vercelli",
				"IT:VR": "Italy - Verona",
				"IT:VV": "Italy - Vibo Valentia",
				"IT:VI": "Italy - Vicenza",
				"IT:VT": "Italy - Viterbo",
				"CI": "Ivory Coast",
				"JM": "Jamaica",
				"JP:JP01": "Japan - Hokkaido",
				"JP:JP02": "Japan - Aomori",
				"JP:JP03": "Japan - Iwate",
				"JP:JP04": "Japan - Miyagi",
				"JP:JP05": "Japan - Akita",
				"JP:JP06": "Japan - Yamagata",
				"JP:JP07": "Japan - Fukushima",
				"JP:JP08": "Japan - Ibaraki",
				"JP:JP09": "Japan - Tochigi",
				"JP:JP10": "Japan - Gunma",
				"JP:JP11": "Japan - Saitama",
				"JP:JP12": "Japan - Chiba",
				"JP:JP13": "Japan - Tokyo",
				"JP:JP14": "Japan - Kanagawa",
				"JP:JP15": "Japan - Niigata",
				"JP:JP16": "Japan - Toyama",
				"JP:JP17": "Japan - Ishikawa",
				"JP:JP18": "Japan - Fukui",
				"JP:JP19": "Japan - Yamanashi",
				"JP:JP20": "Japan - Nagano",
				"JP:JP21": "Japan - Gifu",
				"JP:JP22": "Japan - Shizuoka",
				"JP:JP23": "Japan - Aichi",
				"JP:JP24": "Japan - Mie",
				"JP:JP25": "Japan - Shiga",
				"JP:JP26": "Japan - Kyoto",
				"JP:JP27": "Japan - Osaka",
				"JP:JP28": "Japan - Hyogo",
				"JP:JP29": "Japan - Nara",
				"JP:JP30": "Japan - Wakayama",
				"JP:JP31": "Japan - Tottori",
				"JP:JP32": "Japan - Shimane",
				"JP:JP33": "Japan - Okayama",
				"JP:JP34": "Japan - Hiroshima",
				"JP:JP35": "Japan - Yamaguchi",
				"JP:JP36": "Japan - Tokushima",
				"JP:JP37": "Japan - Kagawa",
				"JP:JP38": "Japan - Ehime",
				"JP:JP39": "Japan - Kochi",
				"JP:JP40": "Japan - Fukuoka",
				"JP:JP41": "Japan - Saga",
				"JP:JP42": "Japan - Nagasaki",
				"JP:JP43": "Japan - Kumamoto",
				"JP:JP44": "Japan - Oita",
				"JP:JP45": "Japan - Miyazaki",
				"JP:JP46": "Japan - Kagoshima",
				"JP:JP47": "Japan - Okinawa",
				"JE": "Jersey",
				"JO": "Jordan",
				"KZ": "Kazakhstan",
				"KE": "Kenya",
				"KI": "Kiribati",
				"KW": "Kuwait",
				"KG": "Kyrgyzstan",
				"LA": "Laos",
				"LV": "Latvia",
				"LB": "Lebanon",
				"LS": "Lesotho",
				"LR:BM": "Liberia - Bomi",
				"LR:BN": "Liberia - Bong",
				"LR:GA": "Liberia - Gbarpolu",
				"LR:GB": "Liberia - Grand Bassa",
				"LR:GC": "Liberia - Grand Cape Mount",
				"LR:GG": "Liberia - Grand Gedeh",
				"LR:GK": "Liberia - Grand Kru",
				"LR:LO": "Liberia - Lofa",
				"LR:MA": "Liberia - Margibi",
				"LR:MY": "Liberia - Maryland",
				"LR:MO": "Liberia - Montserrado",
				"LR:NM": "Liberia - Nimba",
				"LR:RV": "Liberia - Rivercess",
				"LR:RG": "Liberia - River Gee",
				"LR:SN": "Liberia - Sinoe",
				"LY": "Libya",
				"LI": "Liechtenstein",
				"LT": "Lithuania",
				"LU": "Luxembourg",
				"MO": "Macao S.A.R., China",
				"MK": "Macedonia",
				"MG": "Madagascar",
				"MW": "Malawi",
				"MY:JHR": "Malaysia - Johor",
				"MY:KDH": "Malaysia - Kedah",
				"MY:KTN": "Malaysia - Kelantan",
				"MY:LBN": "Malaysia - Labuan",
				"MY:MLK": "Malaysia - Malacca (Melaka)",
				"MY:NSN": "Malaysia - Negeri Sembilan",
				"MY:PHG": "Malaysia - Pahang",
				"MY:PNG": "Malaysia - Penang (Pulau Pinang)",
				"MY:PRK": "Malaysia - Perak",
				"MY:PLS": "Malaysia - Perlis",
				"MY:SBH": "Malaysia - Sabah",
				"MY:SWK": "Malaysia - Sarawak",
				"MY:SGR": "Malaysia - Selangor",
				"MY:TRG": "Malaysia - Terengganu",
				"MY:PJY": "Malaysia - Putrajaya",
				"MY:KUL": "Malaysia - Kuala Lumpur",
				"MV": "Maldives",
				"ML": "Mali",
				"MT": "Malta",
				"MH": "Marshall Islands",
				"MQ": "Martinique",
				"MR": "Mauritania",
				"MU": "Mauritius",
				"YT": "Mayotte",
				"MX:DF": "Mexico - Ciudad de M&eacute;xico",
				"MX:JA": "Mexico - Jalisco",
				"MX:NL": "Mexico - Nuevo Le&oacute;n",
				"MX:AG": "Mexico - Aguascalientes",
				"MX:BC": "Mexico - Baja California",
				"MX:BS": "Mexico - Baja California Sur",
				"MX:CM": "Mexico - Campeche",
				"MX:CS": "Mexico - Chiapas",
				"MX:CH": "Mexico - Chihuahua",
				"MX:CO": "Mexico - Coahuila",
				"MX:CL": "Mexico - Colima",
				"MX:DG": "Mexico - Durango",
				"MX:GT": "Mexico - Guanajuato",
				"MX:GR": "Mexico - Guerrero",
				"MX:HG": "Mexico - Hidalgo",
				"MX:MX": "Mexico - Estado de M&eacute;xico",
				"MX:MI": "Mexico - Michoac&aacute;n",
				"MX:MO": "Mexico - Morelos",
				"MX:NA": "Mexico - Nayarit",
				"MX:OA": "Mexico - Oaxaca",
				"MX:PU": "Mexico - Puebla",
				"MX:QT": "Mexico - Quer&eacute;taro",
				"MX:QR": "Mexico - Quintana Roo",
				"MX:SL": "Mexico - San Luis Potos&iacute;",
				"MX:SI": "Mexico - Sinaloa",
				"MX:SO": "Mexico - Sonora",
				"MX:TB": "Mexico - Tabasco",
				"MX:TM": "Mexico - Tamaulipas",
				"MX:TL": "Mexico - Tlaxcala",
				"MX:VE": "Mexico - Veracruz",
				"MX:YU": "Mexico - Yucat&aacute;n",
				"MX:ZA": "Mexico - Zacatecas",
				"FM": "Micronesia",
				"MD:C": "Moldova - Chi&#537;in&#259;u",
				"MD:BL": "Moldova - B&#259;l&#539;i",
				"MD:AN": "Moldova - Anenii Noi",
				"MD:BS": "Moldova - Basarabeasca",
				"MD:BR": "Moldova - Briceni",
				"MD:CH": "Moldova - Cahul",
				"MD:CT": "Moldova - Cantemir",
				"MD:CL": "Moldova - C&#259;l&#259;ra&#537;i",
				"MD:CS": "Moldova - C&#259;u&#537;eni",
				"MD:CM": "Moldova - Cimi&#537;lia",
				"MD:CR": "Moldova - Criuleni",
				"MD:DN": "Moldova - Dondu&#537;eni",
				"MD:DR": "Moldova - Drochia",
				"MD:DB": "Moldova - Dub&#259;sari",
				"MD:ED": "Moldova - Edine&#539;",
				"MD:FL": "Moldova - F&#259;le&#537;ti",
				"MD:FR": "Moldova - Flore&#537;ti",
				"MD:GE": "Moldova - UTA G&#259;g&#259;uzia",
				"MD:GL": "Moldova - Glodeni",
				"MD:HN": "Moldova - H&icirc;nce&#537;ti",
				"MD:IL": "Moldova - Ialoveni",
				"MD:LV": "Moldova - Leova",
				"MD:NS": "Moldova - Nisporeni",
				"MD:OC": "Moldova - Ocni&#539;a",
				"MD:OR": "Moldova - Orhei",
				"MD:RZ": "Moldova - Rezina",
				"MD:RS": "Moldova - R&icirc;&#537;cani",
				"MD:SG": "Moldova - S&icirc;ngerei",
				"MD:SR": "Moldova - Soroca",
				"MD:ST": "Moldova - Str&#259;&#537;eni",
				"MD:SD": "Moldova - &#536;old&#259;ne&#537;ti",
				"MD:SV": "Moldova - &#536;tefan Vod&#259;",
				"MD:TR": "Moldova - Taraclia",
				"MD:TL": "Moldova - Telene&#537;ti",
				"MD:UN": "Moldova - Ungheni",
				"MC": "Monaco",
				"MN": "Mongolia",
				"ME": "Montenegro",
				"MS": "Montserrat",
				"MA": "Morocco",
				"MZ": "Mozambique",
				"MM": "Myanmar",
				"NA": "Namibia",
				"NR": "Nauru",
				"NP:BAG": "Nepal - Bagmati",
				"NP:BHE": "Nepal - Bheri",
				"NP:DHA": "Nepal - Dhaulagiri",
				"NP:GAN": "Nepal - Gandaki",
				"NP:JAN": "Nepal - Janakpur",
				"NP:KAR": "Nepal - Karnali",
				"NP:KOS": "Nepal - Koshi",
				"NP:LUM": "Nepal - Lumbini",
				"NP:MAH": "Nepal - Mahakali",
				"NP:MEC": "Nepal - Mechi",
				"NP:NAR": "Nepal - Narayani",
				"NP:RAP": "Nepal - Rapti",
				"NP:SAG": "Nepal - Sagarmatha",
				"NP:SET": "Nepal - Seti",
				"NL": "Netherlands",
				"NC": "New Caledonia",
				"NZ:NL": "New Zealand - Northland",
				"NZ:AK": "New Zealand - Auckland",
				"NZ:WA": "New Zealand - Waikato",
				"NZ:BP": "New Zealand - Bay of Plenty",
				"NZ:TK": "New Zealand - Taranaki",
				"NZ:GI": "New Zealand - Gisborne",
				"NZ:HB": "New Zealand - Hawke&rsquo;s Bay",
				"NZ:MW": "New Zealand - Manawatu-Wanganui",
				"NZ:WE": "New Zealand - Wellington",
				"NZ:NS": "New Zealand - Nelson",
				"NZ:MB": "New Zealand - Marlborough",
				"NZ:TM": "New Zealand - Tasman",
				"NZ:WC": "New Zealand - West Coast",
				"NZ:CT": "New Zealand - Canterbury",
				"NZ:OT": "New Zealand - Otago",
				"NZ:SL": "New Zealand - Southland",
				"NI": "Nicaragua",
				"NE": "Niger",
				"NG:AB": "Nigeria - Abia",
				"NG:FC": "Nigeria - Abuja",
				"NG:AD": "Nigeria - Adamawa",
				"NG:AK": "Nigeria - Akwa Ibom",
				"NG:AN": "Nigeria - Anambra",
				"NG:BA": "Nigeria - Bauchi",
				"NG:BY": "Nigeria - Bayelsa",
				"NG:BE": "Nigeria - Benue",
				"NG:BO": "Nigeria - Borno",
				"NG:CR": "Nigeria - Cross River",
				"NG:DE": "Nigeria - Delta",
				"NG:EB": "Nigeria - Ebonyi",
				"NG:ED": "Nigeria - Edo",
				"NG:EK": "Nigeria - Ekiti",
				"NG:EN": "Nigeria - Enugu",
				"NG:GO": "Nigeria - Gombe",
				"NG:IM": "Nigeria - Imo",
				"NG:JI": "Nigeria - Jigawa",
				"NG:KD": "Nigeria - Kaduna",
				"NG:KN": "Nigeria - Kano",
				"NG:KT": "Nigeria - Katsina",
				"NG:KE": "Nigeria - Kebbi",
				"NG:KO": "Nigeria - Kogi",
				"NG:KW": "Nigeria - Kwara",
				"NG:LA": "Nigeria - Lagos",
				"NG:NA": "Nigeria - Nasarawa",
				"NG:NI": "Nigeria - Niger",
				"NG:OG": "Nigeria - Ogun",
				"NG:ON": "Nigeria - Ondo",
				"NG:OS": "Nigeria - Osun",
				"NG:OY": "Nigeria - Oyo",
				"NG:PL": "Nigeria - Plateau",
				"NG:RI": "Nigeria - Rivers",
				"NG:SO": "Nigeria - Sokoto",
				"NG:TA": "Nigeria - Taraba",
				"NG:YO": "Nigeria - Yobe",
				"NG:ZA": "Nigeria - Zamfara",
				"NU": "Niue",
				"NF": "Norfolk Island",
				"KP": "North Korea",
				"MP": "Northern Mariana Islands",
				"NO": "Norway",
				"OM": "Oman",
				"PK:JK": "Pakistan - Azad Kashmir",
				"PK:BA": "Pakistan - Balochistan",
				"PK:TA": "Pakistan - FATA",
				"PK:GB": "Pakistan - Gilgit Baltistan",
				"PK:IS": "Pakistan - Islamabad Capital Territory",
				"PK:KP": "Pakistan - Khyber Pakhtunkhwa",
				"PK:PB": "Pakistan - Punjab",
				"PK:SD": "Pakistan - Sindh",
				"PS": "Palestinian Territory",
				"PA": "Panama",
				"PG": "Papua New Guinea",
				"PY": "Paraguay",
				"PE:CAL": "Peru - El Callao",
				"PE:LMA": "Peru - Municipalidad Metropolitana de Lima",
				"PE:AMA": "Peru - Amazonas",
				"PE:ANC": "Peru - Ancash",
				"PE:APU": "Peru - Apur&iacute;mac",
				"PE:ARE": "Peru - Arequipa",
				"PE:AYA": "Peru - Ayacucho",
				"PE:CAJ": "Peru - Cajamarca",
				"PE:CUS": "Peru - Cusco",
				"PE:HUV": "Peru - Huancavelica",
				"PE:HUC": "Peru - Hu&aacute;nuco",
				"PE:ICA": "Peru - Ica",
				"PE:JUN": "Peru - Jun&iacute;n",
				"PE:LAL": "Peru - La Libertad",
				"PE:LAM": "Peru - Lambayeque",
				"PE:LIM": "Peru - Lima",
				"PE:LOR": "Peru - Loreto",
				"PE:MDD": "Peru - Madre de Dios",
				"PE:MOQ": "Peru - Moquegua",
				"PE:PAS": "Peru - Pasco",
				"PE:PIU": "Peru - Piura",
				"PE:PUN": "Peru - Puno",
				"PE:SAM": "Peru - San Mart&iacute;n",
				"PE:TAC": "Peru - Tacna",
				"PE:TUM": "Peru - Tumbes",
				"PE:UCA": "Peru - Ucayali",
				"PH:ABR": "Philippines - Abra",
				"PH:AGN": "Philippines - Agusan del Norte",
				"PH:AGS": "Philippines - Agusan del Sur",
				"PH:AKL": "Philippines - Aklan",
				"PH:ALB": "Philippines - Albay",
				"PH:ANT": "Philippines - Antique",
				"PH:APA": "Philippines - Apayao",
				"PH:AUR": "Philippines - Aurora",
				"PH:BAS": "Philippines - Basilan",
				"PH:BAN": "Philippines - Bataan",
				"PH:BTN": "Philippines - Batanes",
				"PH:BTG": "Philippines - Batangas",
				"PH:BEN": "Philippines - Benguet",
				"PH:BIL": "Philippines - Biliran",
				"PH:BOH": "Philippines - Bohol",
				"PH:BUK": "Philippines - Bukidnon",
				"PH:BUL": "Philippines - Bulacan",
				"PH:CAG": "Philippines - Cagayan",
				"PH:CAN": "Philippines - Camarines Norte",
				"PH:CAS": "Philippines - Camarines Sur",
				"PH:CAM": "Philippines - Camiguin",
				"PH:CAP": "Philippines - Capiz",
				"PH:CAT": "Philippines - Catanduanes",
				"PH:CAV": "Philippines - Cavite",
				"PH:CEB": "Philippines - Cebu",
				"PH:COM": "Philippines - Compostela Valley",
				"PH:NCO": "Philippines - Cotabato",
				"PH:DAV": "Philippines - Davao del Norte",
				"PH:DAS": "Philippines - Davao del Sur",
				"PH:DAC": "Philippines - Davao Occidental",
				"PH:DAO": "Philippines - Davao Oriental",
				"PH:DIN": "Philippines - Dinagat Islands",
				"PH:EAS": "Philippines - Eastern Samar",
				"PH:GUI": "Philippines - Guimaras",
				"PH:IFU": "Philippines - Ifugao",
				"PH:ILN": "Philippines - Ilocos Norte",
				"PH:ILS": "Philippines - Ilocos Sur",
				"PH:ILI": "Philippines - Iloilo",
				"PH:ISA": "Philippines - Isabela",
				"PH:KAL": "Philippines - Kalinga",
				"PH:LUN": "Philippines - La Union",
				"PH:LAG": "Philippines - Laguna",
				"PH:LAN": "Philippines - Lanao del Norte",
				"PH:LAS": "Philippines - Lanao del Sur",
				"PH:LEY": "Philippines - Leyte",
				"PH:MAG": "Philippines - Maguindanao",
				"PH:MAD": "Philippines - Marinduque",
				"PH:MAS": "Philippines - Masbate",
				"PH:MSC": "Philippines - Misamis Occidental",
				"PH:MSR": "Philippines - Misamis Oriental",
				"PH:MOU": "Philippines - Mountain Province",
				"PH:NEC": "Philippines - Negros Occidental",
				"PH:NER": "Philippines - Negros Oriental",
				"PH:NSA": "Philippines - Northern Samar",
				"PH:NUE": "Philippines - Nueva Ecija",
				"PH:NUV": "Philippines - Nueva Vizcaya",
				"PH:MDC": "Philippines - Occidental Mindoro",
				"PH:MDR": "Philippines - Oriental Mindoro",
				"PH:PLW": "Philippines - Palawan",
				"PH:PAM": "Philippines - Pampanga",
				"PH:PAN": "Philippines - Pangasinan",
				"PH:QUE": "Philippines - Quezon",
				"PH:QUI": "Philippines - Quirino",
				"PH:RIZ": "Philippines - Rizal",
				"PH:ROM": "Philippines - Romblon",
				"PH:WSA": "Philippines - Samar",
				"PH:SAR": "Philippines - Sarangani",
				"PH:SIQ": "Philippines - Siquijor",
				"PH:SOR": "Philippines - Sorsogon",
				"PH:SCO": "Philippines - South Cotabato",
				"PH:SLE": "Philippines - Southern Leyte",
				"PH:SUK": "Philippines - Sultan Kudarat",
				"PH:SLU": "Philippines - Sulu",
				"PH:SUN": "Philippines - Surigao del Norte",
				"PH:SUR": "Philippines - Surigao del Sur",
				"PH:TAR": "Philippines - Tarlac",
				"PH:TAW": "Philippines - Tawi-Tawi",
				"PH:ZMB": "Philippines - Zambales",
				"PH:ZAN": "Philippines - Zamboanga del Norte",
				"PH:ZAS": "Philippines - Zamboanga del Sur",
				"PH:ZSI": "Philippines - Zamboanga Sibugay",
				"PH:00": "Philippines - Metro Manila",
				"PN": "Pitcairn",
				"PL": "Poland",
				"PT": "Portugal",
				"PR": "Puerto Rico",
				"QA": "Qatar",
				"RE": "Reunion",
				"RO:AB": "Romania - Alba",
				"RO:AR": "Romania - Arad",
				"RO:AG": "Romania - Arge&#537;",
				"RO:BC": "Romania - Bac&#259;u",
				"RO:BH": "Romania - Bihor",
				"RO:BN": "Romania - Bistri&#539;a-N&#259;s&#259;ud",
				"RO:BT": "Romania - Boto&#537;ani",
				"RO:BR": "Romania - Br&#259;ila",
				"RO:BV": "Romania - Bra&#537;ov",
				"RO:B": "Romania - Bucure&#537;ti",
				"RO:BZ": "Romania - Buz&#259;u",
				"RO:CL": "Romania - C&#259;l&#259;ra&#537;i",
				"RO:CS": "Romania - Cara&#537;-Severin",
				"RO:CJ": "Romania - Cluj",
				"RO:CT": "Romania - Constan&#539;a",
				"RO:CV": "Romania - Covasna",
				"RO:DB": "Romania - D&acirc;mbovi&#539;a",
				"RO:DJ": "Romania - Dolj",
				"RO:GL": "Romania - Gala&#539;i",
				"RO:GR": "Romania - Giurgiu",
				"RO:GJ": "Romania - Gorj",
				"RO:HR": "Romania - Harghita",
				"RO:HD": "Romania - Hunedoara",
				"RO:IL": "Romania - Ialomi&#539;a",
				"RO:IS": "Romania - Ia&#537;i",
				"RO:IF": "Romania - Ilfov",
				"RO:MM": "Romania - Maramure&#537;",
				"RO:MH": "Romania - Mehedin&#539;i",
				"RO:MS": "Romania - Mure&#537;",
				"RO:NT": "Romania - Neam&#539;",
				"RO:OT": "Romania - Olt",
				"RO:PH": "Romania - Prahova",
				"RO:SJ": "Romania - S&#259;laj",
				"RO:SM": "Romania - Satu Mare",
				"RO:SB": "Romania - Sibiu",
				"RO:SV": "Romania - Suceava",
				"RO:TR": "Romania - Teleorman",
				"RO:TM": "Romania - Timi&#537;",
				"RO:TL": "Romania - Tulcea",
				"RO:VL": "Romania - V&acirc;lcea",
				"RO:VS": "Romania - Vaslui",
				"RO:VN": "Romania - Vrancea",
				"RU": "Russia",
				"RW": "Rwanda",
				"ST": "S&atilde;o Tom&eacute; and Pr&iacute;ncipe",
				"BL": "Saint Barth&eacute;lemy",
				"SH": "Saint Helena",
				"KN": "Saint Kitts and Nevis",
				"LC": "Saint Lucia",
				"SX": "Saint Martin (Dutch part)",
				"MF": "Saint Martin (French part)",
				"PM": "Saint Pierre and Miquelon",
				"VC": "Saint Vincent and the Grenadines",
				"WS": "Samoa",
				"SM": "San Marino",
				"SA": "Saudi Arabia",
				"SN": "Senegal",
				"RS": "Serbia",
				"SC": "Seychelles",
				"SL": "Sierra Leone",
				"SG": "Singapore",
				"SK": "Slovakia",
				"SI": "Slovenia",
				"SB": "Solomon Islands",
				"SO": "Somalia",
				"ZA:EC": "South Africa - Eastern Cape",
				"ZA:FS": "South Africa - Free State",
				"ZA:GP": "South Africa - Gauteng",
				"ZA:KZN": "South Africa - KwaZulu-Natal",
				"ZA:LP": "South Africa - Limpopo",
				"ZA:MP": "South Africa - Mpumalanga",
				"ZA:NC": "South Africa - Northern Cape",
				"ZA:NW": "South Africa - North West",
				"ZA:WC": "South Africa - Western Cape",
				"GS": "South Georgia/Sandwich Islands",
				"KR": "South Korea",
				"SS": "South Sudan",
				"ES:C": "Spain - A Coru&ntilde;a",
				"ES:VI": "Spain - Araba/&Aacute;lava",
				"ES:AB": "Spain - Albacete",
				"ES:A": "Spain - Alicante",
				"ES:AL": "Spain - Almer&iacute;a",
				"ES:O": "Spain - Asturias",
				"ES:AV": "Spain - &Aacute;vila",
				"ES:BA": "Spain - Badajoz",
				"ES:PM": "Spain - Baleares",
				"ES:B": "Spain - Barcelona",
				"ES:BU": "Spain - Burgos",
				"ES:CC": "Spain - C&aacute;ceres",
				"ES:CA": "Spain - C&aacute;diz",
				"ES:S": "Spain - Cantabria",
				"ES:CS": "Spain - Castell&oacute;n",
				"ES:CE": "Spain - Ceuta",
				"ES:CR": "Spain - Ciudad Real",
				"ES:CO": "Spain - C&oacute;rdoba",
				"ES:CU": "Spain - Cuenca",
				"ES:GI": "Spain - Girona",
				"ES:GR": "Spain - Granada",
				"ES:GU": "Spain - Guadalajara",
				"ES:SS": "Spain - Gipuzkoa",
				"ES:H": "Spain - Huelva",
				"ES:HU": "Spain - Huesca",
				"ES:J": "Spain - Ja&eacute;n",
				"ES:LO": "Spain - La Rioja",
				"ES:GC": "Spain - Las Palmas",
				"ES:LE": "Spain - Le&oacute;n",
				"ES:L": "Spain - Lleida",
				"ES:LU": "Spain - Lugo",
				"ES:M": "Spain - Madrid",
				"ES:MA": "Spain - M&aacute;laga",
				"ES:ML": "Spain - Melilla",
				"ES:MU": "Spain - Murcia",
				"ES:NA": "Spain - Navarra",
				"ES:OR": "Spain - Ourense",
				"ES:P": "Spain - Palencia",
				"ES:PO": "Spain - Pontevedra",
				"ES:SA": "Spain - Salamanca",
				"ES:TF": "Spain - Santa Cruz de Tenerife",
				"ES:SG": "Spain - Segovia",
				"ES:SE": "Spain - Sevilla",
				"ES:SO": "Spain - Soria",
				"ES:T": "Spain - Tarragona",
				"ES:TE": "Spain - Teruel",
				"ES:TO": "Spain - Toledo",
				"ES:V": "Spain - Valencia",
				"ES:VA": "Spain - Valladolid",
				"ES:BI": "Spain - Bizkaia",
				"ES:ZA": "Spain - Zamora",
				"ES:Z": "Spain - Zaragoza",
				"LK": "Sri Lanka",
				"SD": "Sudan",
				"SR": "Suriname",
				"SJ": "Svalbard and Jan Mayen",
				"SZ": "Swaziland",
				"SE": "Sweden",
				"CH:AG": "Switzerland - Aargau",
				"CH:AR": "Switzerland - Appenzell Ausserrhoden",
				"CH:AI": "Switzerland - Appenzell Innerrhoden",
				"CH:BL": "Switzerland - Basel-Landschaft",
				"CH:BS": "Switzerland - Basel-Stadt",
				"CH:BE": "Switzerland - Bern",
				"CH:FR": "Switzerland - Fribourg",
				"CH:GE": "Switzerland - Geneva",
				"CH:GL": "Switzerland - Glarus",
				"CH:GR": "Switzerland - Graub&uuml;nden",
				"CH:JU": "Switzerland - Jura",
				"CH:LU": "Switzerland - Luzern",
				"CH:NE": "Switzerland - Neuch&acirc;tel",
				"CH:NW": "Switzerland - Nidwalden",
				"CH:OW": "Switzerland - Obwalden",
				"CH:SH": "Switzerland - Schaffhausen",
				"CH:SZ": "Switzerland - Schwyz",
				"CH:SO": "Switzerland - Solothurn",
				"CH:SG": "Switzerland - St. Gallen",
				"CH:TG": "Switzerland - Thurgau",
				"CH:TI": "Switzerland - Ticino",
				"CH:UR": "Switzerland - Uri",
				"CH:VS": "Switzerland - Valais",
				"CH:VD": "Switzerland - Vaud",
				"CH:ZG": "Switzerland - Zug",
				"CH:ZH": "Switzerland - Z&uuml;rich",
				"SY": "Syria",
				"TW": "Taiwan",
				"TJ": "Tajikistan",
				"TZ:TZ01": "Tanzania - Arusha",
				"TZ:TZ02": "Tanzania - Dar es Salaam",
				"TZ:TZ03": "Tanzania - Dodoma",
				"TZ:TZ04": "Tanzania - Iringa",
				"TZ:TZ05": "Tanzania - Kagera",
				"TZ:TZ06": "Tanzania - Pemba North",
				"TZ:TZ07": "Tanzania - Zanzibar North",
				"TZ:TZ08": "Tanzania - Kigoma",
				"TZ:TZ09": "Tanzania - Kilimanjaro",
				"TZ:TZ10": "Tanzania - Pemba South",
				"TZ:TZ11": "Tanzania - Zanzibar South",
				"TZ:TZ12": "Tanzania - Lindi",
				"TZ:TZ13": "Tanzania - Mara",
				"TZ:TZ14": "Tanzania - Mbeya",
				"TZ:TZ15": "Tanzania - Zanzibar West",
				"TZ:TZ16": "Tanzania - Morogoro",
				"TZ:TZ17": "Tanzania - Mtwara",
				"TZ:TZ18": "Tanzania - Mwanza",
				"TZ:TZ19": "Tanzania - Coast",
				"TZ:TZ20": "Tanzania - Rukwa",
				"TZ:TZ21": "Tanzania - Ruvuma",
				"TZ:TZ22": "Tanzania - Shinyanga",
				"TZ:TZ23": "Tanzania - Singida",
				"TZ:TZ24": "Tanzania - Tabora",
				"TZ:TZ25": "Tanzania - Tanga",
				"TZ:TZ26": "Tanzania - Manyara",
				"TZ:TZ27": "Tanzania - Geita",
				"TZ:TZ28": "Tanzania - Katavi",
				"TZ:TZ29": "Tanzania - Njombe",
				"TZ:TZ30": "Tanzania - Simiyu",
				"TH:TH-37": "Thailand - Amnat Charoen",
				"TH:TH-15": "Thailand - Ang Thong",
				"TH:TH-14": "Thailand - Ayutthaya",
				"TH:TH-10": "Thailand - Bangkok",
				"TH:TH-38": "Thailand - Bueng Kan",
				"TH:TH-31": "Thailand - Buri Ram",
				"TH:TH-24": "Thailand - Chachoengsao",
				"TH:TH-18": "Thailand - Chai Nat",
				"TH:TH-36": "Thailand - Chaiyaphum",
				"TH:TH-22": "Thailand - Chanthaburi",
				"TH:TH-50": "Thailand - Chiang Mai",
				"TH:TH-57": "Thailand - Chiang Rai",
				"TH:TH-20": "Thailand - Chonburi",
				"TH:TH-86": "Thailand - Chumphon",
				"TH:TH-46": "Thailand - Kalasin",
				"TH:TH-62": "Thailand - Kamphaeng Phet",
				"TH:TH-71": "Thailand - Kanchanaburi",
				"TH:TH-40": "Thailand - Khon Kaen",
				"TH:TH-81": "Thailand - Krabi",
				"TH:TH-52": "Thailand - Lampang",
				"TH:TH-51": "Thailand - Lamphun",
				"TH:TH-42": "Thailand - Loei",
				"TH:TH-16": "Thailand - Lopburi",
				"TH:TH-58": "Thailand - Mae Hong Son",
				"TH:TH-44": "Thailand - Maha Sarakham",
				"TH:TH-49": "Thailand - Mukdahan",
				"TH:TH-26": "Thailand - Nakhon Nayok",
				"TH:TH-73": "Thailand - Nakhon Pathom",
				"TH:TH-48": "Thailand - Nakhon Phanom",
				"TH:TH-30": "Thailand - Nakhon Ratchasima",
				"TH:TH-60": "Thailand - Nakhon Sawan",
				"TH:TH-80": "Thailand - Nakhon Si Thammarat",
				"TH:TH-55": "Thailand - Nan",
				"TH:TH-96": "Thailand - Narathiwat",
				"TH:TH-39": "Thailand - Nong Bua Lam Phu",
				"TH:TH-43": "Thailand - Nong Khai",
				"TH:TH-12": "Thailand - Nonthaburi",
				"TH:TH-13": "Thailand - Pathum Thani",
				"TH:TH-94": "Thailand - Pattani",
				"TH:TH-82": "Thailand - Phang Nga",
				"TH:TH-93": "Thailand - Phatthalung",
				"TH:TH-56": "Thailand - Phayao",
				"TH:TH-67": "Thailand - Phetchabun",
				"TH:TH-76": "Thailand - Phetchaburi",
				"TH:TH-66": "Thailand - Phichit",
				"TH:TH-65": "Thailand - Phitsanulok",
				"TH:TH-54": "Thailand - Phrae",
				"TH:TH-83": "Thailand - Phuket",
				"TH:TH-25": "Thailand - Prachin Buri",
				"TH:TH-77": "Thailand - Prachuap Khiri Khan",
				"TH:TH-85": "Thailand - Ranong",
				"TH:TH-70": "Thailand - Ratchaburi",
				"TH:TH-21": "Thailand - Rayong",
				"TH:TH-45": "Thailand - Roi Et",
				"TH:TH-27": "Thailand - Sa Kaeo",
				"TH:TH-47": "Thailand - Sakon Nakhon",
				"TH:TH-11": "Thailand - Samut Prakan",
				"TH:TH-74": "Thailand - Samut Sakhon",
				"TH:TH-75": "Thailand - Samut Songkhram",
				"TH:TH-19": "Thailand - Saraburi",
				"TH:TH-91": "Thailand - Satun",
				"TH:TH-17": "Thailand - Sing Buri",
				"TH:TH-33": "Thailand - Sisaket",
				"TH:TH-90": "Thailand - Songkhla",
				"TH:TH-64": "Thailand - Sukhothai",
				"TH:TH-72": "Thailand - Suphan Buri",
				"TH:TH-84": "Thailand - Surat Thani",
				"TH:TH-32": "Thailand - Surin",
				"TH:TH-63": "Thailand - Tak",
				"TH:TH-92": "Thailand - Trang",
				"TH:TH-23": "Thailand - Trat",
				"TH:TH-34": "Thailand - Ubon Ratchathani",
				"TH:TH-41": "Thailand - Udon Thani",
				"TH:TH-61": "Thailand - Uthai Thani",
				"TH:TH-53": "Thailand - Uttaradit",
				"TH:TH-95": "Thailand - Yala",
				"TH:TH-35": "Thailand - Yasothon",
				"TL": "Timor-Leste",
				"TG": "Togo",
				"TK": "Tokelau",
				"TO": "Tonga",
				"TT": "Trinidad and Tobago",
				"TN": "Tunisia",
				"TR:TR01": "Turkey - Adana",
				"TR:TR02": "Turkey - Ad&#305;yaman",
				"TR:TR03": "Turkey - Afyon",
				"TR:TR04": "Turkey - A&#287;r&#305;",
				"TR:TR05": "Turkey - Amasya",
				"TR:TR06": "Turkey - Ankara",
				"TR:TR07": "Turkey - Antalya",
				"TR:TR08": "Turkey - Artvin",
				"TR:TR09": "Turkey - Ayd&#305;n",
				"TR:TR10": "Turkey - Bal&#305;kesir",
				"TR:TR11": "Turkey - Bilecik",
				"TR:TR12": "Turkey - Bing&#246;l",
				"TR:TR13": "Turkey - Bitlis",
				"TR:TR14": "Turkey - Bolu",
				"TR:TR15": "Turkey - Burdur",
				"TR:TR16": "Turkey - Bursa",
				"TR:TR17": "Turkey - &#199;anakkale",
				"TR:TR18": "Turkey - &#199;ank&#305;r&#305;",
				"TR:TR19": "Turkey - &#199;orum",
				"TR:TR20": "Turkey - Denizli",
				"TR:TR21": "Turkey - Diyarbak&#305;r",
				"TR:TR22": "Turkey - Edirne",
				"TR:TR23": "Turkey - Elaz&#305;&#287;",
				"TR:TR24": "Turkey - Erzincan",
				"TR:TR25": "Turkey - Erzurum",
				"TR:TR26": "Turkey - Eski&#351;ehir",
				"TR:TR27": "Turkey - Gaziantep",
				"TR:TR28": "Turkey - Giresun",
				"TR:TR29": "Turkey - G&#252;m&#252;&#351;hane",
				"TR:TR30": "Turkey - Hakkari",
				"TR:TR31": "Turkey - Hatay",
				"TR:TR32": "Turkey - Isparta",
				"TR:TR33": "Turkey - &#304;&#231;el",
				"TR:TR34": "Turkey - &#304;stanbul",
				"TR:TR35": "Turkey - &#304;zmir",
				"TR:TR36": "Turkey - Kars",
				"TR:TR37": "Turkey - Kastamonu",
				"TR:TR38": "Turkey - Kayseri",
				"TR:TR39": "Turkey - K&#305;rklareli",
				"TR:TR40": "Turkey - K&#305;r&#351;ehir",
				"TR:TR41": "Turkey - Kocaeli",
				"TR:TR42": "Turkey - Konya",
				"TR:TR43": "Turkey - K&#252;tahya",
				"TR:TR44": "Turkey - Malatya",
				"TR:TR45": "Turkey - Manisa",
				"TR:TR46": "Turkey - Kahramanmara&#351;",
				"TR:TR47": "Turkey - Mardin",
				"TR:TR48": "Turkey - Mu&#287;la",
				"TR:TR49": "Turkey - Mu&#351;",
				"TR:TR50": "Turkey - Nev&#351;ehir",
				"TR:TR51": "Turkey - Ni&#287;de",
				"TR:TR52": "Turkey - Ordu",
				"TR:TR53": "Turkey - Rize",
				"TR:TR54": "Turkey - Sakarya",
				"TR:TR55": "Turkey - Samsun",
				"TR:TR56": "Turkey - Siirt",
				"TR:TR57": "Turkey - Sinop",
				"TR:TR58": "Turkey - Sivas",
				"TR:TR59": "Turkey - Tekirda&#287;",
				"TR:TR60": "Turkey - Tokat",
				"TR:TR61": "Turkey - Trabzon",
				"TR:TR62": "Turkey - Tunceli",
				"TR:TR63": "Turkey - &#350;anl&#305;urfa",
				"TR:TR64": "Turkey - U&#351;ak",
				"TR:TR65": "Turkey - Van",
				"TR:TR66": "Turkey - Yozgat",
				"TR:TR67": "Turkey - Zonguldak",
				"TR:TR68": "Turkey - Aksaray",
				"TR:TR69": "Turkey - Bayburt",
				"TR:TR70": "Turkey - Karaman",
				"TR:TR71": "Turkey - K&#305;r&#305;kkale",
				"TR:TR72": "Turkey - Batman",
				"TR:TR73": "Turkey - &#350;&#305;rnak",
				"TR:TR74": "Turkey - Bart&#305;n",
				"TR:TR75": "Turkey - Ardahan",
				"TR:TR76": "Turkey - I&#287;d&#305;r",
				"TR:TR77": "Turkey - Yalova",
				"TR:TR78": "Turkey - Karab&#252;k",
				"TR:TR79": "Turkey - Kilis",
				"TR:TR80": "Turkey - Osmaniye",
				"TR:TR81": "Turkey - D&#252;zce",
				"TM": "Turkmenistan",
				"TC": "Turks and Caicos Islands",
				"TV": "Tuvalu",
				"UG": "Uganda",
				"UA": "Ukraine",
				"AE": "United Arab Emirates",
				"GB": "United Kingdom (UK)",
				"US:AL": "United States (US) - Alabama",
				"US:AK": "United States (US) - Alaska",
				"US:AZ": "United States (US) - Arizona",
				"US:AR": "United States (US) - Arkansas",
				"US:CA": "United States (US) - California",
				"US:CO": "United States (US) - Colorado",
				"US:CT": "United States (US) - Connecticut",
				"US:DE": "United States (US) - Delaware",
				"US:DC": "United States (US) - District Of Columbia",
				"US:FL": "United States (US) - Florida",
				"US:GA": "United States (US) - Georgia",
				"US:HI": "United States (US) - Hawaii",
				"US:ID": "United States (US) - Idaho",
				"US:IL": "United States (US) - Illinois",
				"US:IN": "United States (US) - Indiana",
				"US:IA": "United States (US) - Iowa",
				"US:KS": "United States (US) - Kansas",
				"US:KY": "United States (US) - Kentucky",
				"US:LA": "United States (US) - Louisiana",
				"US:ME": "United States (US) - Maine",
				"US:MD": "United States (US) - Maryland",
				"US:MA": "United States (US) - Massachusetts",
				"US:MI": "United States (US) - Michigan",
				"US:MN": "United States (US) - Minnesota",
				"US:MS": "United States (US) - Mississippi",
				"US:MO": "United States (US) - Missouri",
				"US:MT": "United States (US) - Montana",
				"US:NE": "United States (US) - Nebraska",
				"US:NV": "United States (US) - Nevada",
				"US:NH": "United States (US) - New Hampshire",
				"US:NJ": "United States (US) - New Jersey",
				"US:NM": "United States (US) - New Mexico",
				"US:NY": "United States (US) - New York",
				"US:NC": "United States (US) - North Carolina",
				"US:ND": "United States (US) - North Dakota",
				"US:OH": "United States (US) - Ohio",
				"US:OK": "United States (US) - Oklahoma",
				"US:OR": "United States (US) - Oregon",
				"US:PA": "United States (US) - Pennsylvania",
				"US:RI": "United States (US) - Rhode Island",
				"US:SC": "United States (US) - South Carolina",
				"US:SD": "United States (US) - South Dakota",
				"US:TN": "United States (US) - Tennessee",
				"US:TX": "United States (US) - Texas",
				"US:UT": "United States (US) - Utah",
				"US:VT": "United States (US) - Vermont",
				"US:VA": "United States (US) - Virginia",
				"US:WA": "United States (US) - Washington",
				"US:WV": "United States (US) - West Virginia",
				"US:WI": "United States (US) - Wisconsin",
				"US:WY": "United States (US) - Wyoming",
				"US:AA": "United States (US) - Armed Forces (AA)",
				"US:AE": "United States (US) - Armed Forces (AE)",
				"US:AP": "United States (US) - Armed Forces (AP)",
				"UM": "United States (US) Minor Outlying Islands",
				"VI": "United States (US) Virgin Islands",
				"UY": "Uruguay",
				"UZ": "Uzbekistan",
				"VU": "Vanuatu",
				"VA": "Vatican",
				"VE": "Venezuela",
				"VN": "Vietnam",
				"WF": "Wallis and Futuna",
				"EH": "Western Sahara",
				"YE": "Yemen",
				"ZM": "Zambia",
				"ZW": "Zimbabwe"
			},
			"_links": {
				"self": [
					{
						"href": "https://jamosova3.mystagingwebsite.com/wp-json/wc/v2/settings/general/woocommerce_default_country"
					}
				],
				"collection": [
					{
						"href": "https://jamosova3.mystagingwebsite.com/wp-json/wc/v2/settings/general"
					}
				]
			}
		},
		{
			"id": "woocommerce_store_postcode",
			"label": "Postcode / ZIP",
			"description": "The postal code, if any, in which your business is located.",
			"type": "text",
			"default": "",
			"tip": "The postal code, if any, in which your business is located.",
			"value": "13021",
			"_links": {
				"self": [
					{
						"href": "https://jamosova3.mystagingwebsite.com/wp-json/wc/v2/settings/general/woocommerce_store_postcode"
					}
				],
				"collection": [
					{
						"href": "https://jamosova3.mystagingwebsite.com/wp-json/wc/v2/settings/general"
					}
				]
			}
		},
		{
			"id": "woocommerce_allowed_countries",
			"label": "Selling location(s)",
			"description": "This option lets you limit which countries you are willing to sell to.",
			"type": "select",
			"default": "all",
			"options": {
				"all": "Sell to all countries",
				"all_except": "Sell to all countries, except for&hellip;",
				"specific": "Sell to specific countries"
			},
			"tip": "This option lets you limit which countries you are willing to sell to.",
			"value": "all",
			"_links": {
				"self": [
					{
						"href": "https://jamosova3.mystagingwebsite.com/wp-json/wc/v2/settings/general/woocommerce_allowed_countries"
					}
				],
				"collection": [
					{
						"href": "https://jamosova3.mystagingwebsite.com/wp-json/wc/v2/settings/general"
					}
				]
			}
		},
		{
			"id": "woocommerce_all_except_countries",
			"label": "Sell to all countries, except for&hellip;",
			"description": "",
			"type": "multiselect",
			"default": "",
			"value": [],
			"options": {
				"AX": "&#197;land Islands",
				"AF": "Afghanistan",
				"AL": "Albania",
				"DZ": "Algeria",
				"AS": "American Samoa",
				"AD": "Andorra",
				"AO": "Angola",
				"AI": "Anguilla",
				"AQ": "Antarctica",
				"AG": "Antigua and Barbuda",
				"AR": "Argentina",
				"AM": "Armenia",
				"AW": "Aruba",
				"AU": "Australia",
				"AT": "Austria",
				"AZ": "Azerbaijan",
				"BS": "Bahamas",
				"BH": "Bahrain",
				"BD": "Bangladesh",
				"BB": "Barbados",
				"BY": "Belarus",
				"PW": "Belau",
				"BE": "Belgium",
				"BZ": "Belize",
				"BJ": "Benin",
				"BM": "Bermuda",
				"BT": "Bhutan",
				"BO": "Bolivia",
				"BQ": "Bonaire, Saint Eustatius and Saba",
				"BA": "Bosnia and Herzegovina",
				"BW": "Botswana",
				"BV": "Bouvet Island",
				"BR": "Brazil",
				"IO": "British Indian Ocean Territory",
				"VG": "British Virgin Islands",
				"BN": "Brunei",
				"BG": "Bulgaria",
				"BF": "Burkina Faso",
				"BI": "Burundi",
				"KH": "Cambodia",
				"CM": "Cameroon",
				"CA": "Canada",
				"CV": "Cape Verde",
				"KY": "Cayman Islands",
				"CF": "Central African Republic",
				"TD": "Chad",
				"CL": "Chile",
				"CN": "China",
				"CX": "Christmas Island",
				"CC": "Cocos (Keeling) Islands",
				"CO": "Colombia",
				"KM": "Comoros",
				"CG": "Congo (Brazzaville)",
				"CD": "Congo (Kinshasa)",
				"CK": "Cook Islands",
				"CR": "Costa Rica",
				"HR": "Croatia",
				"CU": "Cuba",
				"CW": "Cura&ccedil;ao",
				"CY": "Cyprus",
				"CZ": "Czech Republic",
				"DK": "Denmark",
				"DJ": "Djibouti",
				"DM": "Dominica",
				"DO": "Dominican Republic",
				"EC": "Ecuador",
				"EG": "Egypt",
				"SV": "El Salvador",
				"GQ": "Equatorial Guinea",
				"ER": "Eritrea",
				"EE": "Estonia",
				"ET": "Ethiopia",
				"FK": "Falkland Islands",
				"FO": "Faroe Islands",
				"FJ": "Fiji",
				"FI": "Finland",
				"FR": "France",
				"GF": "French Guiana",
				"PF": "French Polynesia",
				"TF": "French Southern Territories",
				"GA": "Gabon",
				"GM": "Gambia",
				"GE": "Georgia",
				"DE": "Germany",
				"GH": "Ghana",
				"GI": "Gibraltar",
				"GR": "Greece",
				"GL": "Greenland",
				"GD": "Grenada",
				"GP": "Guadeloupe",
				"GU": "Guam",
				"GT": "Guatemala",
				"GG": "Guernsey",
				"GN": "Guinea",
				"GW": "Guinea-Bissau",
				"GY": "Guyana",
				"HT": "Haiti",
				"HM": "Heard Island and McDonald Islands",
				"HN": "Honduras",
				"HK": "Hong Kong",
				"HU": "Hungary",
				"IS": "Iceland",
				"IN": "India",
				"ID": "Indonesia",
				"IR": "Iran",
				"IQ": "Iraq",
				"IE": "Ireland",
				"IM": "Isle of Man",
				"IL": "Israel",
				"IT": "Italy",
				"CI": "Ivory Coast",
				"JM": "Jamaica",
				"JP": "Japan",
				"JE": "Jersey",
				"JO": "Jordan",
				"KZ": "Kazakhstan",
				"KE": "Kenya",
				"KI": "Kiribati",
				"KW": "Kuwait",
				"KG": "Kyrgyzstan",
				"LA": "Laos",
				"LV": "Latvia",
				"LB": "Lebanon",
				"LS": "Lesotho",
				"LR": "Liberia",
				"LY": "Libya",
				"LI": "Liechtenstein",
				"LT": "Lithuania",
				"LU": "Luxembourg",
				"MO": "Macao S.A.R., China",
				"MK": "Macedonia",
				"MG": "Madagascar",
				"MW": "Malawi",
				"MY": "Malaysia",
				"MV": "Maldives",
				"ML": "Mali",
				"MT": "Malta",
				"MH": "Marshall Islands",
				"MQ": "Martinique",
				"MR": "Mauritania",
				"MU": "Mauritius",
				"YT": "Mayotte",
				"MX": "Mexico",
				"FM": "Micronesia",
				"MD": "Moldova",
				"MC": "Monaco",
				"MN": "Mongolia",
				"ME": "Montenegro",
				"MS": "Montserrat",
				"MA": "Morocco",
				"MZ": "Mozambique",
				"MM": "Myanmar",
				"NA": "Namibia",
				"NR": "Nauru",
				"NP": "Nepal",
				"NL": "Netherlands",
				"NC": "New Caledonia",
				"NZ": "New Zealand",
				"NI": "Nicaragua",
				"NE": "Niger",
				"NG": "Nigeria",
				"NU": "Niue",
				"NF": "Norfolk Island",
				"KP": "North Korea",
				"MP": "Northern Mariana Islands",
				"NO": "Norway",
				"OM": "Oman",
				"PK": "Pakistan",
				"PS": "Palestinian Territory",
				"PA": "Panama",
				"PG": "Papua New Guinea",
				"PY": "Paraguay",
				"PE": "Peru",
				"PH": "Philippines",
				"PN": "Pitcairn",
				"PL": "Poland",
				"PT": "Portugal",
				"PR": "Puerto Rico",
				"QA": "Qatar",
				"RE": "Reunion",
				"RO": "Romania",
				"RU": "Russia",
				"RW": "Rwanda",
				"ST": "S&atilde;o Tom&eacute; and Pr&iacute;ncipe",
				"BL": "Saint Barth&eacute;lemy",
				"SH": "Saint Helena",
				"KN": "Saint Kitts and Nevis",
				"LC": "Saint Lucia",
				"SX": "Saint Martin (Dutch part)",
				"MF": "Saint Martin (French part)",
				"PM": "Saint Pierre and Miquelon",
				"VC": "Saint Vincent and the Grenadines",
				"WS": "Samoa",
				"SM": "San Marino",
				"SA": "Saudi Arabia",
				"SN": "Senegal",
				"RS": "Serbia",
				"SC": "Seychelles",
				"SL": "Sierra Leone",
				"SG": "Singapore",
				"SK": "Slovakia",
				"SI": "Slovenia",
				"SB": "Solomon Islands",
				"SO": "Somalia",
				"ZA": "South Africa",
				"GS": "South Georgia/Sandwich Islands",
				"KR": "South Korea",
				"SS": "South Sudan",
				"ES": "Spain",
				"LK": "Sri Lanka",
				"SD": "Sudan",
				"SR": "Suriname",
				"SJ": "Svalbard and Jan Mayen",
				"SZ": "Swaziland",
				"SE": "Sweden",
				"CH": "Switzerland",
				"SY": "Syria",
				"TW": "Taiwan",
				"TJ": "Tajikistan",
				"TZ": "Tanzania",
				"TH": "Thailand",
				"TL": "Timor-Leste",
				"TG": "Togo",
				"TK": "Tokelau",
				"TO": "Tonga",
				"TT": "Trinidad and Tobago",
				"TN": "Tunisia",
				"TR": "Turkey",
				"TM": "Turkmenistan",
				"TC": "Turks and Caicos Islands",
				"TV": "Tuvalu",
				"UG": "Uganda",
				"UA": "Ukraine",
				"AE": "United Arab Emirates",
				"GB": "United Kingdom (UK)",
				"US": "United States (US)",
				"UM": "United States (US) Minor Outlying Islands",
				"VI": "United States (US) Virgin Islands",
				"UY": "Uruguay",
				"UZ": "Uzbekistan",
				"VU": "Vanuatu",
				"VA": "Vatican",
				"VE": "Venezuela",
				"VN": "Vietnam",
				"WF": "Wallis and Futuna",
				"EH": "Western Sahara",
				"YE": "Yemen",
				"ZM": "Zambia",
				"ZW": "Zimbabwe"
			},
			"_links": {
				"self": [
					{
						"href": "https://jamosova3.mystagingwebsite.com/wp-json/wc/v2/settings/general/woocommerce_all_except_countries"
					}
				],
				"collection": [
					{
						"href": "https://jamosova3.mystagingwebsite.com/wp-json/wc/v2/settings/general"
					}
				]
			}
		},
		{
			"id": "woocommerce_specific_allowed_countries",
			"label": "Sell to specific countries",
			"description": "",
			"type": "multiselect",
			"default": "",
			"value": [],
			"options": {
				"AX": "&#197;land Islands",
				"AF": "Afghanistan",
				"AL": "Albania",
				"DZ": "Algeria",
				"AS": "American Samoa",
				"AD": "Andorra",
				"AO": "Angola",
				"AI": "Anguilla",
				"AQ": "Antarctica",
				"AG": "Antigua and Barbuda",
				"AR": "Argentina",
				"AM": "Armenia",
				"AW": "Aruba",
				"AU": "Australia",
				"AT": "Austria",
				"AZ": "Azerbaijan",
				"BS": "Bahamas",
				"BH": "Bahrain",
				"BD": "Bangladesh",
				"BB": "Barbados",
				"BY": "Belarus",
				"PW": "Belau",
				"BE": "Belgium",
				"BZ": "Belize",
				"BJ": "Benin",
				"BM": "Bermuda",
				"BT": "Bhutan",
				"BO": "Bolivia",
				"BQ": "Bonaire, Saint Eustatius and Saba",
				"BA": "Bosnia and Herzegovina",
				"BW": "Botswana",
				"BV": "Bouvet Island",
				"BR": "Brazil",
				"IO": "British Indian Ocean Territory",
				"VG": "British Virgin Islands",
				"BN": "Brunei",
				"BG": "Bulgaria",
				"BF": "Burkina Faso",
				"BI": "Burundi",
				"KH": "Cambodia",
				"CM": "Cameroon",
				"CA": "Canada",
				"CV": "Cape Verde",
				"KY": "Cayman Islands",
				"CF": "Central African Republic",
				"TD": "Chad",
				"CL": "Chile",
				"CN": "China",
				"CX": "Christmas Island",
				"CC": "Cocos (Keeling) Islands",
				"CO": "Colombia",
				"KM": "Comoros",
				"CG": "Congo (Brazzaville)",
				"CD": "Congo (Kinshasa)",
				"CK": "Cook Islands",
				"CR": "Costa Rica",
				"HR": "Croatia",
				"CU": "Cuba",
				"CW": "Cura&ccedil;ao",
				"CY": "Cyprus",
				"CZ": "Czech Republic",
				"DK": "Denmark",
				"DJ": "Djibouti",
				"DM": "Dominica",
				"DO": "Dominican Republic",
				"EC": "Ecuador",
				"EG": "Egypt",
				"SV": "El Salvador",
				"GQ": "Equatorial Guinea",
				"ER": "Eritrea",
				"EE": "Estonia",
				"ET": "Ethiopia",
				"FK": "Falkland Islands",
				"FO": "Faroe Islands",
				"FJ": "Fiji",
				"FI": "Finland",
				"FR": "France",
				"GF": "French Guiana",
				"PF": "French Polynesia",
				"TF": "French Southern Territories",
				"GA": "Gabon",
				"GM": "Gambia",
				"GE": "Georgia",
				"DE": "Germany",
				"GH": "Ghana",
				"GI": "Gibraltar",
				"GR": "Greece",
				"GL": "Greenland",
				"GD": "Grenada",
				"GP": "Guadeloupe",
				"GU": "Guam",
				"GT": "Guatemala",
				"GG": "Guernsey",
				"GN": "Guinea",
				"GW": "Guinea-Bissau",
				"GY": "Guyana",
				"HT": "Haiti",
				"HM": "Heard Island and McDonald Islands",
				"HN": "Honduras",
				"HK": "Hong Kong",
				"HU": "Hungary",
				"IS": "Iceland",
				"IN": "India",
				"ID": "Indonesia",
				"IR": "Iran",
				"IQ": "Iraq",
				"IE": "Ireland",
				"IM": "Isle of Man",
				"IL": "Israel",
				"IT": "Italy",
				"CI": "Ivory Coast",
				"JM": "Jamaica",
				"JP": "Japan",
				"JE": "Jersey",
				"JO": "Jordan",
				"KZ": "Kazakhstan",
				"KE": "Kenya",
				"KI": "Kiribati",
				"KW": "Kuwait",
				"KG": "Kyrgyzstan",
				"LA": "Laos",
				"LV": "Latvia",
				"LB": "Lebanon",
				"LS": "Lesotho",
				"LR": "Liberia",
				"LY": "Libya",
				"LI": "Liechtenstein",
				"LT": "Lithuania",
				"LU": "Luxembourg",
				"MO": "Macao S.A.R., China",
				"MK": "Macedonia",
				"MG": "Madagascar",
				"MW": "Malawi",
				"MY": "Malaysia",
				"MV": "Maldives",
				"ML": "Mali",
				"MT": "Malta",
				"MH": "Marshall Islands",
				"MQ": "Martinique",
				"MR": "Mauritania",
				"MU": "Mauritius",
				"YT": "Mayotte",
				"MX": "Mexico",
				"FM": "Micronesia",
				"MD": "Moldova",
				"MC": "Monaco",
				"MN": "Mongolia",
				"ME": "Montenegro",
				"MS": "Montserrat",
				"MA": "Morocco",
				"MZ": "Mozambique",
				"MM": "Myanmar",
				"NA": "Namibia",
				"NR": "Nauru",
				"NP": "Nepal",
				"NL": "Netherlands",
				"NC": "New Caledonia",
				"NZ": "New Zealand",
				"NI": "Nicaragua",
				"NE": "Niger",
				"NG": "Nigeria",
				"NU": "Niue",
				"NF": "Norfolk Island",
				"KP": "North Korea",
				"MP": "Northern Mariana Islands",
				"NO": "Norway",
				"OM": "Oman",
				"PK": "Pakistan",
				"PS": "Palestinian Territory",
				"PA": "Panama",
				"PG": "Papua New Guinea",
				"PY": "Paraguay",
				"PE": "Peru",
				"PH": "Philippines",
				"PN": "Pitcairn",
				"PL": "Poland",
				"PT": "Portugal",
				"PR": "Puerto Rico",
				"QA": "Qatar",
				"RE": "Reunion",
				"RO": "Romania",
				"RU": "Russia",
				"RW": "Rwanda",
				"ST": "S&atilde;o Tom&eacute; and Pr&iacute;ncipe",
				"BL": "Saint Barth&eacute;lemy",
				"SH": "Saint Helena",
				"KN": "Saint Kitts and Nevis",
				"LC": "Saint Lucia",
				"SX": "Saint Martin (Dutch part)",
				"MF": "Saint Martin (French part)",
				"PM": "Saint Pierre and Miquelon",
				"VC": "Saint Vincent and the Grenadines",
				"WS": "Samoa",
				"SM": "San Marino",
				"SA": "Saudi Arabia",
				"SN": "Senegal",
				"RS": "Serbia",
				"SC": "Seychelles",
				"SL": "Sierra Leone",
				"SG": "Singapore",
				"SK": "Slovakia",
				"SI": "Slovenia",
				"SB": "Solomon Islands",
				"SO": "Somalia",
				"ZA": "South Africa",
				"GS": "South Georgia/Sandwich Islands",
				"KR": "South Korea",
				"SS": "South Sudan",
				"ES": "Spain",
				"LK": "Sri Lanka",
				"SD": "Sudan",
				"SR": "Suriname",
				"SJ": "Svalbard and Jan Mayen",
				"SZ": "Swaziland",
				"SE": "Sweden",
				"CH": "Switzerland",
				"SY": "Syria",
				"TW": "Taiwan",
				"TJ": "Tajikistan",
				"TZ": "Tanzania",
				"TH": "Thailand",
				"TL": "Timor-Leste",
				"TG": "Togo",
				"TK": "Tokelau",
				"TO": "Tonga",
				"TT": "Trinidad and Tobago",
				"TN": "Tunisia",
				"TR": "Turkey",
				"TM": "Turkmenistan",
				"TC": "Turks and Caicos Islands",
				"TV": "Tuvalu",
				"UG": "Uganda",
				"UA": "Ukraine",
				"AE": "United Arab Emirates",
				"GB": "United Kingdom (UK)",
				"US": "United States (US)",
				"UM": "United States (US) Minor Outlying Islands",
				"VI": "United States (US) Virgin Islands",
				"UY": "Uruguay",
				"UZ": "Uzbekistan",
				"VU": "Vanuatu",
				"VA": "Vatican",
				"VE": "Venezuela",
				"VN": "Vietnam",
				"WF": "Wallis and Futuna",
				"EH": "Western Sahara",
				"YE": "Yemen",
				"ZM": "Zambia",
				"ZW": "Zimbabwe"
			},
			"_links": {
				"self": [
					{
						"href": "https://jamosova3.mystagingwebsite.com/wp-json/wc/v2/settings/general/woocommerce_specific_allowed_countries"
					}
				],
				"collection": [
					{
						"href": "https://jamosova3.mystagingwebsite.com/wp-json/wc/v2/settings/general"
					}
				]
			}
		},
		{
			"id": "woocommerce_ship_to_countries",
			"label": "Shipping location(s)",
			"description": "Choose which countries you want to ship to, or choose to ship to all locations you sell to.",
			"type": "select",
			"default": "",
			"options": {
				"all": "Ship to all countries",
				"specific": "Ship to specific countries only",
				"disabled": "Disable shipping &amp; shipping calculations"
			},
			"tip": "Choose which countries you want to ship to, or choose to ship to all locations you sell to.",
			"value": "all",
			"_links": {
				"self": [
					{
						"href": "https://jamosova3.mystagingwebsite.com/wp-json/wc/v2/settings/general/woocommerce_ship_to_countries"
					}
				],
				"collection": [
					{
						"href": "https://jamosova3.mystagingwebsite.com/wp-json/wc/v2/settings/general"
					}
				]
			}
		},
		{
			"id": "woocommerce_specific_ship_to_countries",
			"label": "Ship to specific countries",
			"description": "",
			"type": "multiselect",
			"default": "",
			"value": [],
			"options": {
				"AX": "&#197;land Islands",
				"AF": "Afghanistan",
				"AL": "Albania",
				"DZ": "Algeria",
				"AS": "American Samoa",
				"AD": "Andorra",
				"AO": "Angola",
				"AI": "Anguilla",
				"AQ": "Antarctica",
				"AG": "Antigua and Barbuda",
				"AR": "Argentina",
				"AM": "Armenia",
				"AW": "Aruba",
				"AU": "Australia",
				"AT": "Austria",
				"AZ": "Azerbaijan",
				"BS": "Bahamas",
				"BH": "Bahrain",
				"BD": "Bangladesh",
				"BB": "Barbados",
				"BY": "Belarus",
				"PW": "Belau",
				"BE": "Belgium",
				"BZ": "Belize",
				"BJ": "Benin",
				"BM": "Bermuda",
				"BT": "Bhutan",
				"BO": "Bolivia",
				"BQ": "Bonaire, Saint Eustatius and Saba",
				"BA": "Bosnia and Herzegovina",
				"BW": "Botswana",
				"BV": "Bouvet Island",
				"BR": "Brazil",
				"IO": "British Indian Ocean Territory",
				"VG": "British Virgin Islands",
				"BN": "Brunei",
				"BG": "Bulgaria",
				"BF": "Burkina Faso",
				"BI": "Burundi",
				"KH": "Cambodia",
				"CM": "Cameroon",
				"CA": "Canada",
				"CV": "Cape Verde",
				"KY": "Cayman Islands",
				"CF": "Central African Republic",
				"TD": "Chad",
				"CL": "Chile",
				"CN": "China",
				"CX": "Christmas Island",
				"CC": "Cocos (Keeling) Islands",
				"CO": "Colombia",
				"KM": "Comoros",
				"CG": "Congo (Brazzaville)",
				"CD": "Congo (Kinshasa)",
				"CK": "Cook Islands",
				"CR": "Costa Rica",
				"HR": "Croatia",
				"CU": "Cuba",
				"CW": "Cura&ccedil;ao",
				"CY": "Cyprus",
				"CZ": "Czech Republic",
				"DK": "Denmark",
				"DJ": "Djibouti",
				"DM": "Dominica",
				"DO": "Dominican Republic",
				"EC": "Ecuador",
				"EG": "Egypt",
				"SV": "El Salvador",
				"GQ": "Equatorial Guinea",
				"ER": "Eritrea",
				"EE": "Estonia",
				"ET": "Ethiopia",
				"FK": "Falkland Islands",
				"FO": "Faroe Islands",
				"FJ": "Fiji",
				"FI": "Finland",
				"FR": "France",
				"GF": "French Guiana",
				"PF": "French Polynesia",
				"TF": "French Southern Territories",
				"GA": "Gabon",
				"GM": "Gambia",
				"GE": "Georgia",
				"DE": "Germany",
				"GH": "Ghana",
				"GI": "Gibraltar",
				"GR": "Greece",
				"GL": "Greenland",
				"GD": "Grenada",
				"GP": "Guadeloupe",
				"GU": "Guam",
				"GT": "Guatemala",
				"GG": "Guernsey",
				"GN": "Guinea",
				"GW": "Guinea-Bissau",
				"GY": "Guyana",
				"HT": "Haiti",
				"HM": "Heard Island and McDonald Islands",
				"HN": "Honduras",
				"HK": "Hong Kong",
				"HU": "Hungary",
				"IS": "Iceland",
				"IN": "India",
				"ID": "Indonesia",
				"IR": "Iran",
				"IQ": "Iraq",
				"IE": "Ireland",
				"IM": "Isle of Man",
				"IL": "Israel",
				"IT": "Italy",
				"CI": "Ivory Coast",
				"JM": "Jamaica",
				"JP": "Japan",
				"JE": "Jersey",
				"JO": "Jordan",
				"KZ": "Kazakhstan",
				"KE": "Kenya",
				"KI": "Kiribati",
				"KW": "Kuwait",
				"KG": "Kyrgyzstan",
				"LA": "Laos",
				"LV": "Latvia",
				"LB": "Lebanon",
				"LS": "Lesotho",
				"LR": "Liberia",
				"LY": "Libya",
				"LI": "Liechtenstein",
				"LT": "Lithuania",
				"LU": "Luxembourg",
				"MO": "Macao S.A.R., China",
				"MK": "Macedonia",
				"MG": "Madagascar",
				"MW": "Malawi",
				"MY": "Malaysia",
				"MV": "Maldives",
				"ML": "Mali",
				"MT": "Malta",
				"MH": "Marshall Islands",
				"MQ": "Martinique",
				"MR": "Mauritania",
				"MU": "Mauritius",
				"YT": "Mayotte",
				"MX": "Mexico",
				"FM": "Micronesia",
				"MD": "Moldova",
				"MC": "Monaco",
				"MN": "Mongolia",
				"ME": "Montenegro",
				"MS": "Montserrat",
				"MA": "Morocco",
				"MZ": "Mozambique",
				"MM": "Myanmar",
				"NA": "Namibia",
				"NR": "Nauru",
				"NP": "Nepal",
				"NL": "Netherlands",
				"NC": "New Caledonia",
				"NZ": "New Zealand",
				"NI": "Nicaragua",
				"NE": "Niger",
				"NG": "Nigeria",
				"NU": "Niue",
				"NF": "Norfolk Island",
				"KP": "North Korea",
				"MP": "Northern Mariana Islands",
				"NO": "Norway",
				"OM": "Oman",
				"PK": "Pakistan",
				"PS": "Palestinian Territory",
				"PA": "Panama",
				"PG": "Papua New Guinea",
				"PY": "Paraguay",
				"PE": "Peru",
				"PH": "Philippines",
				"PN": "Pitcairn",
				"PL": "Poland",
				"PT": "Portugal",
				"PR": "Puerto Rico",
				"QA": "Qatar",
				"RE": "Reunion",
				"RO": "Romania",
				"RU": "Russia",
				"RW": "Rwanda",
				"ST": "S&atilde;o Tom&eacute; and Pr&iacute;ncipe",
				"BL": "Saint Barth&eacute;lemy",
				"SH": "Saint Helena",
				"KN": "Saint Kitts and Nevis",
				"LC": "Saint Lucia",
				"SX": "Saint Martin (Dutch part)",
				"MF": "Saint Martin (French part)",
				"PM": "Saint Pierre and Miquelon",
				"VC": "Saint Vincent and the Grenadines",
				"WS": "Samoa",
				"SM": "San Marino",
				"SA": "Saudi Arabia",
				"SN": "Senegal",
				"RS": "Serbia",
				"SC": "Seychelles",
				"SL": "Sierra Leone",
				"SG": "Singapore",
				"SK": "Slovakia",
				"SI": "Slovenia",
				"SB": "Solomon Islands",
				"SO": "Somalia",
				"ZA": "South Africa",
				"GS": "South Georgia/Sandwich Islands",
				"KR": "South Korea",
				"SS": "South Sudan",
				"ES": "Spain",
				"LK": "Sri Lanka",
				"SD": "Sudan",
				"SR": "Suriname",
				"SJ": "Svalbard and Jan Mayen",
				"SZ": "Swaziland",
				"SE": "Sweden",
				"CH": "Switzerland",
				"SY": "Syria",
				"TW": "Taiwan",
				"TJ": "Tajikistan",
				"TZ": "Tanzania",
				"TH": "Thailand",
				"TL": "Timor-Leste",
				"TG": "Togo",
				"TK": "Tokelau",
				"TO": "Tonga",
				"TT": "Trinidad and Tobago",
				"TN": "Tunisia",
				"TR": "Turkey",
				"TM": "Turkmenistan",
				"TC": "Turks and Caicos Islands",
				"TV": "Tuvalu",
				"UG": "Uganda",
				"UA": "Ukraine",
				"AE": "United Arab Emirates",
				"GB": "United Kingdom (UK)",
				"US": "United States (US)",
				"UM": "United States (US) Minor Outlying Islands",
				"VI": "United States (US) Virgin Islands",
				"UY": "Uruguay",
				"UZ": "Uzbekistan",
				"VU": "Vanuatu",
				"VA": "Vatican",
				"VE": "Venezuela",
				"VN": "Vietnam",
				"WF": "Wallis and Futuna",
				"EH": "Western Sahara",
				"YE": "Yemen",
				"ZM": "Zambia",
				"ZW": "Zimbabwe"
			},
			"_links": {
				"self": [
					{
						"href": "https://jamosova3.mystagingwebsite.com/wp-json/wc/v2/settings/general/woocommerce_specific_ship_to_countries"
					}
				],
				"collection": [
					{
						"href": "https://jamosova3.mystagingwebsite.com/wp-json/wc/v2/settings/general"
					}
				]
			}
		},
		{
			"id": "woocommerce_default_customer_address",
			"label": "Default customer location",
			"description": "",
			"type": "select",
			"default": "geolocation",
			"options": {
				"base": "Shop base address",
				"geolocation": "Geolocate",
				"geolocation_ajax": "Geolocate (with page caching support)"
			},
			"tip": "This option determines a customers default location. The MaxMind GeoLite Database will be periodically downloaded to your wp-content directory if using geolocation.",
			"value": "geolocation",
			"_links": {
				"self": [
					{
						"href": "https://jamosova3.mystagingwebsite.com/wp-json/wc/v2/settings/general/woocommerce_default_customer_address"
					}
				],
				"collection": [
					{
						"href": "https://jamosova3.mystagingwebsite.com/wp-json/wc/v2/settings/general"
					}
				]
			}
		},
		{
			"id": "woocommerce_calc_taxes",
			"label": "Enable taxes",
			"description": "Enable tax rates and calculations",
			"type": "checkbox",
			"default": "no",
			"tip": "Rates will be configurable and taxes will be calculated during checkout.",
			"value": "yes",
			"_links": {
				"self": [
					{
						"href": "https://jamosova3.mystagingwebsite.com/wp-json/wc/v2/settings/general/woocommerce_calc_taxes"
					}
				],
				"collection": [
					{
						"href": "https://jamosova3.mystagingwebsite.com/wp-json/wc/v2/settings/general"
					}
				]
			}
		},
		{
			"id": "woocommerce_enable_coupons",
			"label": "Enable coupons",
			"description": "Enable the use of coupon codes",
			"type": "checkbox",
			"default": "yes",
			"tip": "Coupons can be applied from the cart and checkout pages.",
			"value": "yes",
			"_links": {
				"self": [
					{
						"href": "https://jamosova3.mystagingwebsite.com/wp-json/wc/v2/settings/general/woocommerce_enable_coupons"
					}
				],
				"collection": [
					{
						"href": "https://jamosova3.mystagingwebsite.com/wp-json/wc/v2/settings/general"
					}
				]
			}
		},
		{
			"id": "woocommerce_calc_discounts_sequentially",
			"label": "",
			"description": "Calculate coupon discounts sequentially",
			"type": "checkbox",
			"default": "no",
			"tip": "When applying multiple coupons, apply the first coupon to the full price and the second coupon to the discounted price and so on.",
			"value": "no",
			"_links": {
				"self": [
					{
						"href": "https://jamosova3.mystagingwebsite.com/wp-json/wc/v2/settings/general/woocommerce_calc_discounts_sequentially"
					}
				],
				"collection": [
					{
						"href": "https://jamosova3.mystagingwebsite.com/wp-json/wc/v2/settings/general"
					}
				]
			}
		},
		{
			"id": "woocommerce_currency",
			"label": "Currency",
			"description": "This controls what currency prices are listed at in the catalog and which currency gateways will take payments in.",
			"type": "select",
			"default": "GBP",
			"options": {
				"AED": "United Arab Emirates dirham (&#x62f;.&#x625;)",
				"AFN": "Afghan afghani (&#x60b;)",
				"ALL": "Albanian lek (L)",
				"AMD": "Armenian dram (AMD)",
				"ANG": "Netherlands Antillean guilder (&fnof;)",
				"AOA": "Angolan kwanza (Kz)",
				"ARS": "Argentine peso (&#36;)",
				"AUD": "Australian dollar (&#36;)",
				"AWG": "Aruban florin (Afl.)",
				"AZN": "Azerbaijani manat (AZN)",
				"BAM": "Bosnia and Herzegovina convertible mark (KM)",
				"BBD": "Barbadian dollar (&#36;)",
				"BDT": "Bangladeshi taka (&#2547;&nbsp;)",
				"BGN": "Bulgarian lev (&#1083;&#1074;.)",
				"BHD": "Bahraini dinar (.&#x62f;.&#x628;)",
				"BIF": "Burundian franc (Fr)",
				"BMD": "Bermudian dollar (&#36;)",
				"BND": "Brunei dollar (&#36;)",
				"BOB": "Bolivian boliviano (Bs.)",
				"BRL": "Brazilian real (&#82;&#36;)",
				"BSD": "Bahamian dollar (&#36;)",
				"BTC": "Bitcoin (&#3647;)",
				"BTN": "Bhutanese ngultrum (Nu.)",
				"BWP": "Botswana pula (P)",
				"BYR": "Belarusian ruble (old) (Br)",
				"BYN": "Belarusian ruble (Br)",
				"BZD": "Belize dollar (&#36;)",
				"CAD": "Canadian dollar (&#36;)",
				"CDF": "Congolese franc (Fr)",
				"CHF": "Swiss franc (&#67;&#72;&#70;)",
				"CLP": "Chilean peso (&#36;)",
				"CNY": "Chinese yuan (&yen;)",
				"COP": "Colombian peso (&#36;)",
				"CRC": "Costa Rican col&oacute;n (&#x20a1;)",
				"CUC": "Cuban convertible peso (&#36;)",
				"CUP": "Cuban peso (&#36;)",
				"CVE": "Cape Verdean escudo (&#36;)",
				"CZK": "Czech koruna (&#75;&#269;)",
				"DJF": "Djiboutian franc (Fr)",
				"DKK": "Danish krone (DKK)",
				"DOP": "Dominican peso (RD&#36;)",
				"DZD": "Algerian dinar (&#x62f;.&#x62c;)",
				"EGP": "Egyptian pound (EGP)",
				"ERN": "Eritrean nakfa (Nfk)",
				"ETB": "Ethiopian birr (Br)",
				"EUR": "Euro (&euro;)",
				"FJD": "Fijian dollar (&#36;)",
				"FKP": "Falkland Islands pound (&pound;)",
				"GBP": "Pound sterling (&pound;)",
				"GEL": "Georgian lari (&#x20be;)",
				"GGP": "Guernsey pound (&pound;)",
				"GHS": "Ghana cedi (&#x20b5;)",
				"GIP": "Gibraltar pound (&pound;)",
				"GMD": "Gambian dalasi (D)",
				"GNF": "Guinean franc (Fr)",
				"GTQ": "Guatemalan quetzal (Q)",
				"GYD": "Guyanese dollar (&#36;)",
				"HKD": "Hong Kong dollar (&#36;)",
				"HNL": "Honduran lempira (L)",
				"HRK": "Croatian kuna (Kn)",
				"HTG": "Haitian gourde (G)",
				"HUF": "Hungarian forint (&#70;&#116;)",
				"IDR": "Indonesian rupiah (Rp)",
				"ILS": "Israeli new shekel (&#8362;)",
				"IMP": "Manx pound (&pound;)",
				"INR": "Indian rupee (&#8377;)",
				"IQD": "Iraqi dinar (&#x639;.&#x62f;)",
				"IRR": "Iranian rial (&#xfdfc;)",
				"IRT": "Iranian toman (&#x062A;&#x0648;&#x0645;&#x0627;&#x0646;)",
				"ISK": "Icelandic kr&oacute;na (kr.)",
				"JEP": "Jersey pound (&pound;)",
				"JMD": "Jamaican dollar (&#36;)",
				"JOD": "Jordanian dinar (&#x62f;.&#x627;)",
				"JPY": "Japanese yen (&yen;)",
				"KES": "Kenyan shilling (KSh)",
				"KGS": "Kyrgyzstani som (&#x441;&#x43e;&#x43c;)",
				"KHR": "Cambodian riel (&#x17db;)",
				"KMF": "Comorian franc (Fr)",
				"KPW": "North Korean won (&#x20a9;)",
				"KRW": "South Korean won (&#8361;)",
				"KWD": "Kuwaiti dinar (&#x62f;.&#x643;)",
				"KYD": "Cayman Islands dollar (&#36;)",
				"KZT": "Kazakhstani tenge (KZT)",
				"LAK": "Lao kip (&#8365;)",
				"LBP": "Lebanese pound (&#x644;.&#x644;)",
				"LKR": "Sri Lankan rupee (&#xdbb;&#xdd4;)",
				"LRD": "Liberian dollar (&#36;)",
				"LSL": "Lesotho loti (L)",
				"LYD": "Libyan dinar (&#x644;.&#x62f;)",
				"MAD": "Moroccan dirham (&#x62f;.&#x645;.)",
				"MDL": "Moldovan leu (MDL)",
				"MGA": "Malagasy ariary (Ar)",
				"MKD": "Macedonian denar (&#x434;&#x435;&#x43d;)",
				"MMK": "Burmese kyat (Ks)",
				"MNT": "Mongolian t&ouml;gr&ouml;g (&#x20ae;)",
				"MOP": "Macanese pataca (P)",
				"MRO": "Mauritanian ouguiya (UM)",
				"MUR": "Mauritian rupee (&#x20a8;)",
				"MVR": "Maldivian rufiyaa (.&#x783;)",
				"MWK": "Malawian kwacha (MK)",
				"MXN": "Mexican peso (&#36;)",
				"MYR": "Malaysian ringgit (&#82;&#77;)",
				"MZN": "Mozambican metical (MT)",
				"NAD": "Namibian dollar (&#36;)",
				"NGN": "Nigerian naira (&#8358;)",
				"NIO": "Nicaraguan c&oacute;rdoba (C&#36;)",
				"NOK": "Norwegian krone (&#107;&#114;)",
				"NPR": "Nepalese rupee (&#8360;)",
				"NZD": "New Zealand dollar (&#36;)",
				"OMR": "Omani rial (&#x631;.&#x639;.)",
				"PAB": "Panamanian balboa (B/.)",
				"PEN": "Peruvian nuevo sol (S/.)",
				"PGK": "Papua New Guinean kina (K)",
				"PHP": "Philippine peso (&#8369;)",
				"PKR": "Pakistani rupee (&#8360;)",
				"PLN": "Polish z&#x142;oty (&#122;&#322;)",
				"PRB": "Transnistrian ruble (&#x440;.)",
				"PYG": "Paraguayan guaran&iacute; (&#8370;)",
				"QAR": "Qatari riyal (&#x631;.&#x642;)",
				"RON": "Romanian leu (lei)",
				"RSD": "Serbian dinar (&#x434;&#x438;&#x43d;.)",
				"RUB": "Russian ruble (&#8381;)",
				"RWF": "Rwandan franc (Fr)",
				"SAR": "Saudi riyal (&#x631;.&#x633;)",
				"SBD": "Solomon Islands dollar (&#36;)",
				"SCR": "Seychellois rupee (&#x20a8;)",
				"SDG": "Sudanese pound (&#x62c;.&#x633;.)",
				"SEK": "Swedish krona (&#107;&#114;)",
				"SGD": "Singapore dollar (&#36;)",
				"SHP": "Saint Helena pound (&pound;)",
				"SLL": "Sierra Leonean leone (Le)",
				"SOS": "Somali shilling (Sh)",
				"SRD": "Surinamese dollar (&#36;)",
				"SSP": "South Sudanese pound (&pound;)",
				"STD": "S&atilde;o Tom&eacute; and Pr&iacute;ncipe dobra (Db)",
				"SYP": "Syrian pound (&#x644;.&#x633;)",
				"SZL": "Swazi lilangeni (L)",
				"THB": "Thai baht (&#3647;)",
				"TJS": "Tajikistani somoni (&#x405;&#x41c;)",
				"TMT": "Turkmenistan manat (m)",
				"TND": "Tunisian dinar (&#x62f;.&#x62a;)",
				"TOP": "Tongan pa&#x2bb;anga (T&#36;)",
				"TRY": "Turkish lira (&#8378;)",
				"TTD": "Trinidad and Tobago dollar (&#36;)",
				"TWD": "New Taiwan dollar (&#78;&#84;&#36;)",
				"TZS": "Tanzanian shilling (Sh)",
				"UAH": "Ukrainian hryvnia (&#8372;)",
				"UGX": "Ugandan shilling (UGX)",
				"USD": "United States (US) dollar (&#36;)",
				"UYU": "Uruguayan peso (&#36;)",
				"UZS": "Uzbekistani som (UZS)",
				"VEF": "Venezuelan bol&iacute;var (Bs F)",
				"VND": "Vietnamese &#x111;&#x1ed3;ng (&#8363;)",
				"VUV": "Vanuatu vatu (Vt)",
				"WST": "Samoan t&#x101;l&#x101; (T)",
				"XAF": "Central African CFA franc (CFA)",
				"XCD": "East Caribbean dollar (&#36;)",
				"XOF": "West African CFA franc (CFA)",
				"XPF": "CFP franc (Fr)",
				"YER": "Yemeni rial (&#xfdfc;)",
				"ZAR": "South African rand (&#82;)",
				"ZMW": "Zambian kwacha (ZK)"
			},
			"tip": "This controls what currency prices are listed at in the catalog and which currency gateways will take payments in.",
			"value": "USD",
			"_links": {
				"self": [
					{
						"href": "https://jamosova3.mystagingwebsite.com/wp-json/wc/v2/settings/general/woocommerce_currency"
					}
				],
				"collection": [
					{
						"href": "https://jamosova3.mystagingwebsite.com/wp-json/wc/v2/settings/general"
					}
				]
			}
		},
		{
			"id": "woocommerce_currency_pos",
			"label": "Currency position",
			"description": "This controls the position of the currency symbol.",
			"type": "select",
			"default": "left",
			"options": {
				"left": "Left",
				"right": "Right",
				"left_space": "Left with space",
				"right_space": "Right with space"
			},
			"tip": "This controls the position of the currency symbol.",
			"value": "left",
			"_links": {
				"self": [
					{
						"href": "https://jamosova3.mystagingwebsite.com/wp-json/wc/v2/settings/general/woocommerce_currency_pos"
					}
				],
				"collection": [
					{
						"href": "https://jamosova3.mystagingwebsite.com/wp-json/wc/v2/settings/general"
					}
				]
			}
		},
		{
			"id": "woocommerce_price_thousand_sep",
			"label": "Thousand separator",
			"description": "This sets the thousand separator of displayed prices.",
			"type": "text",
			"default": ",",
			"tip": "This sets the thousand separator of displayed prices.",
			"value": ",",
			"_links": {
				"self": [
					{
						"href": "https://jamosova3.mystagingwebsite.com/wp-json/wc/v2/settings/general/woocommerce_price_thousand_sep"
					}
				],
				"collection": [
					{
						"href": "https://jamosova3.mystagingwebsite.com/wp-json/wc/v2/settings/general"
					}
				]
			}
		},
		{
			"id": "woocommerce_price_decimal_sep",
			"label": "Decimal separator",
			"description": "This sets the decimal separator of displayed prices.",
			"type": "text",
			"default": ".",
			"tip": "This sets the decimal separator of displayed prices.",
			"value": ".",
			"_links": {
				"self": [
					{
						"href": "https://jamosova3.mystagingwebsite.com/wp-json/wc/v2/settings/general/woocommerce_price_decimal_sep"
					}
				],
				"collection": [
					{
						"href": "https://jamosova3.mystagingwebsite.com/wp-json/wc/v2/settings/general"
					}
				]
			}
		},
		{
			"id": "woocommerce_price_num_decimals",
			"label": "Number of decimals",
			"description": "This sets the number of decimal points shown in displayed prices.",
			"type": "number",
			"default": "2",
			"tip": "This sets the number of decimal points shown in displayed prices.",
			"value": "2",
			"_links": {
				"self": [
					{
						"href": "https://jamosova3.mystagingwebsite.com/wp-json/wc/v2/settings/general/woocommerce_price_num_decimals"
					}
				],
				"collection": [
					{
						"href": "https://jamosova3.mystagingwebsite.com/wp-json/wc/v2/settings/general"
					}
				]
			}
		},
		{
			"id": "woocommerce_bookings_tz_calculation",
			"label": "Enable Bookings Timezone calculation",
			"description": "Schedule Bookings events, such as reminder emails and auto-completions of bookings, using your site’s configured timezone.",
			"type": "checkbox",
			"default": "no",
			"value": "no",
			"_links": {
				"self": [
					{
						"href": "https://jamosova3.mystagingwebsite.com/wp-json/wc/v2/settings/general/woocommerce_bookings_tz_calculation"
					}
				],
				"collection": [
					{
						"href": "https://jamosova3.mystagingwebsite.com/wp-json/wc/v2/settings/general"
					}
				]
			}
		}
	]
}
